#pragma once
#include <Arduino.h>

// Source: https://img.itch.zone/aW1nLzIyMTk3MzUucG5n/original/iVdKq2.png
// Re-encoded as progressive JPEG (quality 75) for incremental in-browser decode.
static const uint32_t DINO_JPG_LEN = 23189;
static const uint8_t DINO_JPG[] PROGMEM = {
  0xff, 0xd8, 0xff, 0xe0, 0x00, 0x10, 0x4a, 0x46, 0x49, 0x46, 0x00, 0x01, 0x01, 0x02, 0x00, 0x1c,
  0x00, 0x1c, 0x00, 0x00, 0xff, 0xdb, 0x00, 0x43, 0x00, 0x08, 0x06, 0x06, 0x07, 0x06, 0x05, 0x08,
  0x07, 0x07, 0x07, 0x09, 0x09, 0x08, 0x0a, 0x0c, 0x14, 0x0d, 0x0c, 0x0b, 0x0b, 0x0c, 0x19, 0x12,
  0x13, 0x0f, 0x14, 0x1d, 0x1a, 0x1f, 0x1e, 0x1d, 0x1a, 0x1c, 0x1c, 0x20, 0x24, 0x2e, 0x27, 0x20,
  0x22, 0x2c, 0x23, 0x1c, 0x1c, 0x28, 0x37, 0x29, 0x2c, 0x30, 0x31, 0x34, 0x34, 0x34, 0x1f, 0x27,
  0x39, 0x3d, 0x38, 0x32, 0x3c, 0x2e, 0x33, 0x34, 0x32, 0xff, 0xc2, 0x00, 0x0b, 0x08, 0x04, 0x00,
  0x04, 0x00, 0x01, 0x01, 0x11, 0x00, 0xff, 0xc4, 0x00, 0x1b, 0x00, 0x01, 0x00, 0x02, 0x03, 0x01,
  0x01, 0x00, 0x00, 0x00, 0x00, 0x00, 0x00, 0x00, 0x00, 0x00, 0x00, 0x00, 0x01, 0x04, 0x02, 0x05,
  0x06, 0x03, 0x07, 0xff, 0xda, 0x00, 0x08, 0x01, 0x01, 0x00, 0x00, 0x00, 0x01, 0xef, 0xc0, 0x00,
  0x00, 0x00, 0x00, 0x00, 0x00, 0x00, 0xd3, 0x7a, 0x6a, 0xa8, 0x08, 0xc4, 0x00, 0x00, 0x00, 0x00,
  0x00, 0x09, 0x6c, 0xc3, 0x61, 0xe8, 0xda, 0x00, 0x00, 0x00, 0x00, 0x00, 0x00, 0x00, 0x01, 0xa6,
  0xcd, 0xcb, 0x6b, 0x48, 0xc0, 0x00, 0x00, 0x00, 0x00, 0x00, 0x04, 0xee, 0xc6, 0xda, 0xf4, 0xb6,
  0x80, 0x00, 0x00, 0x00, 0x00, 0x00, 0x00, 0x00, 0x69, 0xb3, 0x97, 0x31, 0xaa, 0x46, 0x00, 0x00,
  0x00, 0x00, 0x00, 0x00, 0x27, 0x76, 0x9d, 0xbd, 0xd8, 0x96, 0xd0, 0x00, 0x00, 0x00, 0x00, 0x00,
  0x00, 0x00, 0x0d, 0x36, 0x72, 0x73, 0xba, 0x46, 0x00, 0x00, 0x00, 0x00, 0x00, 0x00, 0x27, 0x77,
  0x3b, 0x9b, 0x70, 0x96, 0xd0, 0x00, 0x00, 0x00, 0x00, 0x00, 0x00, 0x00, 0x0d, 0x36, 0x72, 0x65,
  0xcf, 0x68, 0x70, 0x10, 0x98, 0x09, 0x00, 0x00, 0x00, 0x00, 0x23, 0x2d, 0xee, 0xea, 0xcc, 0x12,
  0xda, 0x00, 0x00, 0x00, 0x00, 0x00, 0x00, 0x00, 0x01, 0xa6, 0xc2, 0x44, 0xf2, 0x74, 0x04, 0x4c,
  0x4c, 0x04, 0xc4, 0x80, 0x00, 0x00, 0x00, 0x4f, 0x55, 0x7c, 0x89, 0x4e, 0xe8, 0x00, 0x00, 0x00,
  0x00, 0x00, 0x00, 0x00, 0x0d, 0x37, 0x05, 0x04, 0xc4, 0xa4, 0xf5, 0xb1, 0x88, 0x9f, 0x0f, 0x19,
  0x89, 0x00, 0x00, 0x00, 0x01, 0x13, 0x88, 0x4a, 0xd7, 0xd3, 0x00, 0x00, 0x00, 0x00, 0x00, 0x00,
  0x00, 0x00, 0xd3, 0xf0, 0x70, 0x44, 0x83, 0x61, 0xb7, 0xd3, 0xa5, 0x8f, 0x85, 0x79, 0x00, 0x00,
  0x00, 0x00, 0x22, 0x40, 0xb5, 0xf4, 0xb0, 0x00, 0x00, 0x00, 0x00, 0x00, 0x00, 0x00, 0x34, 0xfc,
  0x1c, 0x00, 0x36, 0x1d, 0x0d, 0x5d, 0x43, 0x0f, 0x3c, 0x6b, 0xc8, 0x00, 0x00, 0x00, 0x00, 0x02,
  0x2d, 0xfd, 0x2c, 0x00, 0x00, 0x00, 0x00, 0x00, 0x00, 0x00, 0x0d, 0x3f, 0x07, 0x00, 0x0d, 0x87,
  0x43, 0x15, 0xf5, 0x94, 0xa7, 0x1a, 0xf2, 0x00, 0x00, 0x00, 0x00, 0x00, 0x8b, 0x7f, 0x4b, 0x00,
  0x00, 0x00, 0x00, 0x00, 0x00, 0x00, 0x03, 0x4f, 0xc1, 0xc0, 0x03, 0x61, 0xd0, 0xc2, 0x74, 0xb4,
  0x71, 0xaf, 0x20, 0x00, 0x00, 0x00, 0x00, 0x08, 0xb7, 0xf4, 0xb0, 0x00, 0x00, 0x00, 0x00, 0x00,
  0x00, 0x00, 0x34, 0xfc, 0x1c, 0x00, 0x36, 0x1d, 0x04, 0xc4, 0xb5, 0x1a, 0xda, 0xd2, 0x00, 0x00,
  0x00, 0x00, 0x00, 0x8b, 0x7f, 0x4b, 0x00, 0x00, 0x00, 0x00, 0x00, 0x00, 0x00, 0x03, 0x4f, 0xc1,
  0xc0, 0x02, 0xef, 0x45, 0x31, 0x29, 0xe7, 0xf5, 0xb2, 0x00, 0x00, 0x00, 0x00, 0x00, 0x8b, 0x7f,
  0x4b, 0x00, 0x00, 0x00, 0x00, 0x00, 0x00, 0x00, 0x03, 0x4f, 0xc1, 0xc0, 0x00, 0x90, 0x44, 0x48,
  0x00, 0x00, 0x00, 0x00, 0x04, 0x5b, 0xfa, 0x58, 0x00, 0x00, 0x00, 0x00, 0x00, 0x00, 0x00, 0x1a,
  0x7e, 0x0e, 0x00, 0x11, 0x20, 0x00, 0x00, 0x00, 0x00, 0x00, 0x08, 0xb7, 0xf4, 0xb0, 0x00, 0x00,
  0x00, 0x00, 0x00, 0x00, 0x00, 0x34, 0xfc, 0x1c, 0x00, 0x00, 0x00, 0x00, 0x00, 0x00, 0x00, 0x04,
  0x5b, 0xfa, 0x58, 0x00, 0x00, 0x00, 0x00, 0x00, 0x00, 0x00, 0x1a, 0x7e, 0x0e, 0x00, 0x00, 0x00,
  0x00, 0x00, 0x00, 0x00, 0x02, 0x2d, 0xfd, 0x2c, 0x00, 0x00, 0x00, 0x00, 0x00, 0x00, 0x00, 0x0d,
  0x3f, 0x07, 0x00, 0x00, 0x00, 0x00, 0x00, 0x00, 0x00, 0x01, 0x16, 0xfe, 0x96, 0x00, 0x00, 0x00,
  0x00, 0x00, 0x00, 0x00, 0x06, 0x9f, 0x83, 0x80, 0x00, 0x00, 0x00, 0x00, 0x00, 0x00, 0x00, 0x8b,
  0x7f, 0x4b, 0x00, 0x00, 0x00, 0x00, 0x00, 0x00, 0x00, 0x03, 0x4f, 0xc1, 0xc0, 0x00, 0x00, 0x00,
  0x00, 0x00, 0x00, 0x00, 0x45, 0xbf, 0xa5, 0x80, 0x00, 0x00, 0x00, 0x00, 0x00, 0x00, 0x01, 0xa7,
  0xe0, 0xe0, 0x00, 0x00, 0x00, 0x00, 0x00, 0x00, 0x00, 0x22, 0xdf, 0xd2, 0xc0, 0x00, 0x00, 0x00,
  0x00, 0x00, 0x00, 0x00, 0xd3, 0xf0, 0x70, 0x00, 0x00, 0x00, 0x00, 0x00, 0x00, 0x00, 0x11, 0x6f,
  0xe9, 0x60, 0x00, 0x00, 0x00, 0x00, 0x00, 0x00, 0x00, 0x69, 0xf8, 0x38, 0x00, 0x00, 0x00, 0x00,
  0x00, 0x00, 0x00, 0x08, 0xb7, 0xf4, 0xb0, 0x00, 0x00, 0x00, 0x00, 0x00, 0x00, 0x00, 0x34, 0xfc,
  0x1c, 0x00, 0x00, 0x00, 0x00, 0x00, 0x00, 0x00, 0x04, 0x5b, 0xfa, 0x58, 0x00, 0x00, 0x00, 0x00,
  0x00, 0x00, 0x00, 0x1a, 0x7e, 0x0e, 0x00, 0x00, 0x00, 0x00, 0x00, 0x00, 0x00, 0x02, 0x2d, 0xfd,
  0x2c, 0x00, 0x00, 0x00, 0x00, 0x00, 0x00, 0x00, 0x0d, 0x3f, 0x07, 0x00, 0x00, 0x00, 0x00, 0x00,
  0x00, 0x00, 0x01, 0x16, 0xfe, 0x96, 0x00, 0x00, 0x00, 0x00, 0x00, 0x00, 0x00, 0x06, 0x9f, 0x83,
  0x80, 0x00, 0x00, 0x00, 0x00, 0x00, 0x00, 0x00, 0x8b, 0x7f, 0x4b, 0x00, 0x00, 0x00, 0x00, 0x00,
  0x00, 0x00, 0x03, 0x49, 0xc3, 0x40, 0x00, 0x00, 0x00, 0x00, 0x00, 0x00, 0x00, 0x45, 0xbf, 0xa5,
  0x80, 0x00, 0x00, 0x00, 0x00, 0x00, 0x00, 0x01, 0xce, 0x71, 0xd0, 0x00, 0x00, 0x00, 0x00, 0x00,
  0x00, 0x00, 0x11, 0x6f, 0xe9, 0x60, 0x00, 0x00, 0x00, 0x00, 0x00, 0x00, 0x00, 0x73, 0x7c, 0x70,
  0x00, 0x00, 0x00, 0x00, 0x00, 0x00, 0x00, 0x22, 0xdf, 0xd2, 0xc0, 0x00, 0x00, 0x00, 0x00, 0x00,
  0x00, 0x00, 0xe6, 0xf8, 0xe0, 0x00, 0x00, 0x00, 0x00, 0x00, 0x00, 0x00, 0x45, 0xbf, 0xa5, 0x80,
  0x00, 0x00, 0x00, 0x00, 0x00, 0x00, 0x01, 0xcd, 0xf1, 0xf0, 0x00, 0x00, 0x00, 0x23, 0x28, 0x90,
  0x00, 0x00, 0x23, 0x29, 0x08, 0xb5, 0xf4, 0x90, 0x00, 0x00, 0x00, 0x00, 0x00, 0x00, 0x00, 0x39,
  0xbe, 0x3e, 0x00, 0x00, 0x00, 0x01, 0x7f, 0x10, 0x00, 0x00, 0x33, 0xb7, 0xef, 0x89, 0x2f, 0x6e,
  0xb8, 0x00, 0x00, 0x00, 0x00, 0x00, 0x00, 0x00, 0x0e, 0x6f, 0x8f, 0x80, 0x00, 0x00, 0x01, 0x19,
  0xdb, 0x00, 0x00, 0x01, 0x9d, 0xbf, 0x6c, 0x49, 0x7b, 0xf5, 0xc0, 0x00, 0x00, 0x00, 0x00, 0x00,
  0x00, 0x00, 0x73, 0x7c, 0x7c, 0x00, 0x00, 0x00, 0x04, 0xdb, 0x48, 0x00, 0x00, 0x33, 0xb7, 0xed,
  0x89, 0x2f, 0x7e, 0xb8, 0x00, 0x00, 0x00, 0x00, 0x00, 0x00, 0x00, 0x0e, 0x6f, 0x8f, 0x80, 0x00,
  0x00, 0x00, 0xca, 0xd8, 0x00, 0x12, 0x8f, 0x6f, 0x09, 0x19, 0xdb, 0xf6, 0xc4, 0x97, 0xbf, 0x5c,
  0x00, 0x00, 0x00, 0x00, 0x00, 0x00, 0x00, 0x07, 0x37, 0xc7, 0xc0, 0x00, 0x00, 0x00, 0x65, 0x6c,
  0xc8, 0x00, 0x32, 0xc3, 0xa0, 0xc3, 0x57, 0x54, 0xce, 0xdf, 0xb6, 0x24, 0xbd, 0xfa, 0xe0, 0x00,
  0x00, 0x00, 0x00, 0x00, 0x00, 0x00, 0x39, 0xbe, 0x3e, 0x00, 0x00, 0x00, 0x03, 0x2b, 0x6c, 0x80,
  0x01, 0x96, 0x1d, 0x0f, 0xbc, 0xd6, 0xd5, 0xd2, 0xce, 0xdf, 0xb6, 0x24, 0xbd, 0xfa, 0xe0, 0x00,
  0x00, 0x00, 0x00, 0x00, 0x00, 0x00, 0x39, 0xbe, 0x3e, 0x00, 0x00, 0x00, 0x01, 0xba, 0xa7, 0x20,
  0x00, 0xcb, 0x0e, 0x87, 0xdc, 0x9f, 0x0d, 0x77, 0x9f, 0xb6, 0x24, 0xbd, 0xfa, 0xe0, 0x00, 0x00,
  0x00, 0x00, 0x00, 0x00, 0x00, 0x39, 0xbe, 0x3e, 0x00, 0x00, 0x00, 0x04, 0x4e, 0xea, 0x94, 0x80,
  0x02, 0x70, 0xe8, 0xac, 0x03, 0x1a, 0x1e, 0x24, 0xbd, 0xfa, 0xe0, 0x00, 0x00, 0x00, 0x00, 0x00,
  0x00, 0x00, 0x39, 0xbe, 0x3e, 0x00, 0x00, 0x00, 0x00, 0x80, 0x00, 0x18, 0xf5, 0x76, 0x80, 0x8a,
  0x3e, 0x69, 0x7b, 0xf5, 0xc0, 0x00, 0x00, 0x00, 0x00, 0x00, 0x00, 0x00, 0x73, 0x5c, 0x84, 0x00,
  0x00, 0x04, 0x26, 0x00, 0x00, 0x01, 0x38, 0xf5, 0x76, 0xc0, 0x28, 0x78, 0xcb, 0xdf, 0xae, 0x00,
  0x00, 0x00, 0x00, 0x00, 0x00, 0x00, 0x03, 0x9d, 0xe3, 0x00, 0x00, 0x00, 0x20, 0x00, 0x00, 0x0c,
  0x7a, 0xdb, 0x40, 0x0a, 0x3e, 0x2f, 0x7e, 0xb8, 0x00, 0x00, 0x00, 0x00, 0x00, 0x00, 0x00, 0x0d,
  0x27, 0x0d, 0x00, 0x00, 0x00, 0x89, 0xdb, 0x56, 0x58, 0x00, 0x00, 0x13, 0xd0, 0xfa, 0x80, 0x1a,
  0xff, 0x00, 0x2f, 0x6e, 0x82, 0x9f, 0x89, 0x3e, 0xd2, 0x00, 0x00, 0x0b, 0xb2, 0x01, 0xae, 0xa8,
  0xdb, 0x64, 0x60, 0x8f, 0x17, 0x87, 0x94, 0x8c, 0x71, 0x84, 0x4f, 0x87, 0x29, 0x00, 0x00, 0x00,
  0x4e, 0xcf, 0xca, 0x7e, 0x8a, 0x00, 0x00, 0x00, 0x00, 0x39, 0xee, 0x3e, 0x50, 0xd9, 0x7b, 0x00,
  0x00, 0x05, 0xbe, 0x8c, 0x02, 0x78, 0xfd, 0x23, 0xbb, 0xf4, 0x0c, 0x69, 0xc7, 0x96, 0x9f, 0x18,
  0x31, 0xad, 0x13, 0x07, 0x94, 0x80, 0x00, 0x04, 0x49, 0xe9, 0x6f, 0xe8, 0xc0, 0x00, 0x00, 0x00,
  0x03, 0x94, 0xe5, 0x12, 0x6c, 0x7d, 0x80, 0x00, 0x04, 0x75, 0x17, 0x00, 0x27, 0x8f, 0xd2, 0x3b,
  0xbf, 0x40, 0xc6, 0x9c, 0x3c, 0xb4, 0x98, 0x18, 0x54, 0x98, 0x12, 0x00, 0x00, 0x08, 0x91, 0x9f,
  0xd4, 0x80, 0x00, 0x00, 0x00, 0x07, 0x29, 0xc9, 0xcc, 0xa3, 0x67, 0xea, 0x00, 0x00, 0x2f, 0xf4,
  0xb0, 0x01, 0x3c, 0x7e, 0x91, 0xdd, 0xfa, 0x06, 0x34, 0xe0, 0xf3, 0xd2, 0xf9, 0xb0, 0xa8, 0x89,
  0x89, 0x00, 0x00, 0x02, 0x24, 0x3e, 0xaa, 0x00, 0x00, 0x00, 0x00, 0x39, 0x4e, 0x50, 0x98, 0xd9,
  0xfa, 0x80, 0x00, 0x13, 0xd4, 0xd9, 0x00, 0x4f, 0x1f, 0xa4, 0x77, 0x7e, 0x81, 0x8d, 0x38, 0x18,
  0x69, 0x7c, 0x70, 0xaa, 0x00, 0x00, 0x00, 0x22, 0x43, 0xea, 0xa0, 0x00, 0x00, 0x00, 0x03, 0x94,
  0xe5, 0x09, 0x8d, 0x9f, 0xa8, 0x00, 0x02, 0x36, 0x7d, 0x14, 0x00, 0x27, 0x8f, 0xd2, 0x3b, 0xbf,
  0x40, 0xc6, 0x9c, 0x06, 0x3a, 0x5a, 0xb5, 0x40, 0x00, 0x00, 0x04, 0x48, 0x7d, 0x54, 0x00, 0x00,
  0x00, 0x00, 0x72, 0x9c, 0xa1, 0x31, 0xb3, 0xf5, 0x0b, 0xd7, 0x01, 0x20, 0x5f, 0xb2, 0x00, 0x4f,
  0x1f, 0xa4, 0x77, 0x99, 0x84, 0x53, 0x80, 0x47, 0x3f, 0xae, 0x90, 0x00, 0x00, 0x02, 0x24, 0x3e,
  0xaa, 0x00, 0x00, 0x00, 0x00, 0x39, 0x4e, 0x50, 0x98, 0xd9, 0xfa, 0x8d, 0x9e, 0xcf, 0x20, 0x4c,
  0x83, 0xd7, 0xd0, 0x00, 0x9e, 0x3f, 0x48, 0xd9, 0xed, 0xc3, 0xc7, 0x45, 0x20, 0x79, 0x60, 0x00,
  0x00, 0x00, 0x22, 0x43, 0xea, 0xa0, 0x00, 0x00, 0x00, 0x03, 0x94, 0xe5, 0x09, 0x8d, 0x9f, 0xa9,
  0xb6, 0xd9, 0xe1, 0x90, 0x26, 0x41, 0xeb, 0xe8, 0x00, 0x4f, 0x1f, 0xa4, 0x2e, 0xee, 0x24, 0xf0,
  0xe7, 0xb2, 0x00, 0x00, 0x00, 0x00, 0x11, 0x21, 0xf5, 0x50, 0x00, 0x00, 0x00, 0x01, 0xca, 0x72,
  0x84, 0xc6, 0xcf, 0xd5, 0xb8, 0xd9, 0x46, 0x19, 0x02, 0x64, 0x1e, 0xbe, 0x80, 0x04, 0xf1, 0xfa,
  0x41, 0x6f, 0x75, 0x2f, 0x0e, 0x7b, 0x20, 0x00, 0x00, 0x00, 0x01, 0x12, 0x23, 0xea, 0xc0, 0x00,
  0x00, 0x00, 0x03, 0x96, 0xe4, 0x92, 0x8d, 0x9f, 0xb6, 0xea, 0xfa, 0x30, 0xc8, 0x13, 0x20, 0xf5,
  0xf4, 0x00, 0x27, 0x8f, 0xd2, 0x05, 0x9d, 0xe6, 0x5e, 0x1c, 0xee, 0x40, 0x00, 0x00, 0x00, 0x02,
  0x24, 0x8b, 0xdf, 0x48, 0x00, 0x00, 0x00, 0x00, 0x1c, 0xaf, 0x27, 0x24, 0x6d, 0x3a, 0x1b, 0xb1,
  0x31, 0x86, 0x40, 0x99, 0x07, 0xaf, 0xa0, 0x01, 0x3c, 0x7e, 0x90, 0x16, 0x37, 0x7e, 0x5a, 0x09,
  0x00, 0x00, 0x00, 0x00, 0x01, 0x7f, 0x63, 0xda, 0x80, 0x00, 0x00, 0x00, 0x0e, 0x33, 0x9c, 0x91,
  0xb1, 0xdd, 0x04, 0x6d, 0x24, 0x26, 0x41, 0xeb, 0xe8, 0x00, 0x4f, 0x21, 0xa3, 0x03, 0xd3, 0x73,
  0xa0, 0xc8, 0x00, 0x00, 0x00, 0x00, 0x11, 0xb3, 0xbd, 0x1d, 0x80, 0x07, 0xa6, 0x40, 0x00, 0x00,
  0x0e, 0x13, 0x49, 0x22, 0x20, 0x33, 0xfa, 0x04, 0x93, 0xa7, 0xbb, 0x64, 0x14, 0x76, 0xb2, 0x11,
  0x03, 0x1e, 0x22, 0x88, 0x11, 0x9e, 0x20, 0x00, 0x00, 0x00, 0x00, 0x46, 0xc0, 0x00, 0xf5, 0xeb,
  0x76, 0x80, 0x00, 0x00, 0x0e, 0x13, 0x49, 0x20, 0x0c, 0xbe, 0x80, 0x4e, 0x97, 0x49, 0xd5, 0x59,
  0x09, 0xe5, 0x76, 0xdb, 0x20, 0xf2, 0xd3, 0xe0, 0x4e, 0xaa, 0x98, 0x00, 0x00, 0x00, 0x00, 0x00,
  0x00, 0x00, 0xcb, 0xb6, 0xde, 0x80, 0x00, 0x00, 0x38, 0x4d, 0x24, 0x80, 0x32, 0xfa, 0x02, 0x74,
  0x5a, 0x87, 0x53, 0x64, 0x27, 0x95, 0xdb, 0xec, 0x41, 0x86, 0x9f, 0xcc, 0xd5, 0x53, 0x00, 0x00,
  0x00, 0x00, 0x00, 0x00, 0x00, 0x13, 0xdb, 0x6f, 0x80, 0x00, 0x00, 0x1c, 0x26, 0x92, 0x40, 0x19,
  0x77, 0xf3, 0xa0, 0xd5, 0xcc, 0x75, 0x36, 0x42, 0x79, 0x5d, 0xbe, 0xc4, 0x08, 0xd3, 0x79, 0x35,
  0x54, 0xc0, 0x00, 0x00, 0x00, 0x00, 0x00, 0x00, 0x04, 0xf6, 0xfb, 0xd0, 0x00, 0x00, 0x07, 0x09,
  0xa4, 0x90, 0x06, 0x5f, 0x40, 0xe7, 0xb5, 0xb2, 0x8e, 0xa6, 0xc8, 0x4f, 0x2b, 0xb7, 0xd8, 0x81,
  0x38, 0xe9, 0xfc, 0x75, 0x54, 0xc0, 0x00, 0x00, 0x00, 0x00, 0x00, 0x20, 0x4c, 0x4c, 0x49, 0x3d,
  0xb6, 0xf8, 0x00, 0x00, 0x01, 0xc2, 0x69, 0x24, 0x02, 0x5b, 0xaa, 0x62, 0x3a, 0x9b, 0x41, 0x3c,
  0xa6, 0xe3, 0x62, 0x04, 0xbc, 0xf5, 0x7a, 0x2a, 0x60, 0x00, 0x00, 0x00, 0x00, 0x00, 0x23, 0x7d,
  0x24, 0xe3, 0xaa, 0xae, 0x33, 0xed, 0xb7, 0x80, 0x00, 0x00, 0x0e, 0x13, 0x49, 0x20, 0x04, 0x48,
  0xc7, 0xb5, 0xbc, 0x27, 0x47, 0xcc, 0x75, 0x1b, 0x28, 0x11, 0x84, 0xb1, 0x72, 0x95, 0xc0, 0x00,
  0x00, 0x00, 0x00, 0x00, 0x3a, 0x4d, 0xe8, 0xf4, 0xe3, 0xf5, 0x70, 0x7a, 0x77, 0x1b, 0x90, 0x00,
  0x00, 0x07, 0x09, 0xa4, 0x90, 0x08, 0x90, 0x63, 0xdb, 0x5f, 0x27, 0x9e, 0xe7, 0x0b, 0x9e, 0xd0,
  0x57, 0xa8, 0x8c, 0xa2, 0x64, 0x00, 0x00, 0x00, 0x00, 0x00, 0x02, 0x3a, 0x1e, 0x86, 0x3d, 0x7d,
  0xb8, 0xad, 0x48, 0xf5, 0xee, 0x37, 0x00, 0x00, 0x00, 0x0e, 0x13, 0x49, 0x20, 0x00, 0x31, 0xed,
  0xaf, 0x9c, 0xde, 0x80, 0x2e, 0x7b, 0x95, 0xea, 0x00, 0x00, 0x00, 0x00, 0x00, 0x00, 0x08, 0x92,
  0x37, 0xfd, 0x3e, 0x59, 0x71, 0x9a, 0x89, 0x3d, 0x7b, 0x8d, 0xc0, 0x00, 0x00, 0x03, 0x84, 0xd2,
  0x48, 0x00, 0x0c, 0x7b, 0x6b, 0xee, 0x5f, 0x47, 0x20, 0xb7, 0x61, 0x5e, 0xa0, 0x00, 0x00, 0x00,
  0x00, 0x00, 0x00, 0x89, 0x1b, 0x0e, 0xe7, 0x1c, 0xb8, 0xcd, 0x44, 0x9e, 0xbd, 0xc6, 0xe0, 0x00,
  0x00, 0x01, 0xc2, 0x69, 0x24, 0x00, 0x06, 0x3d, 0xb5, 0xee, 0x53, 0x4f, 0x20, 0x2d, 0x59, 0xaf,
  0x50, 0x00, 0x00, 0x00, 0x00, 0x00, 0x00, 0x44, 0x8d, 0x87, 0x73, 0x8e, 0x5c, 0x6e, 0xa4, 0x7a,
  0xf7, 0x9b, 0x30, 0x00, 0x00, 0x07, 0x09, 0xa4, 0x90, 0x00, 0x18, 0x76, 0xda, 0x0d, 0x54, 0x80,
  0x36, 0xbe, 0x5a, 0xe9, 0x00, 0x00, 0x00, 0x00, 0x00, 0x00, 0x22, 0x47, 0xaf, 0xd1, 0xa5, 0x5b,
  0xc4, 0x65, 0xb3, 0xcc, 0x00, 0x00, 0x01, 0xc2, 0x69, 0x24, 0x00, 0x04, 0x58, 0xaf, 0x20, 0x07,
  0xb6, 0x3e, 0x60, 0x00, 0x00, 0x00, 0x00, 0x00, 0x02, 0x24, 0x47, 0xd5, 0x80, 0x00, 0x00, 0x00,
  0x07, 0x09, 0xa4, 0x90, 0x00, 0x08, 0x48, 0x00, 0x00, 0x00, 0x00, 0x00, 0x00, 0x00, 0x04, 0x48,
  0x7d, 0x54, 0x00, 0x00, 0x00, 0x00, 0x70, 0xba, 0x39, 0x00, 0x00, 0x00, 0x00, 0x00, 0x00, 0x00,
  0x00, 0x00, 0x00, 0x11, 0x21, 0xf5, 0x50, 0x00, 0x00, 0x00, 0x01, 0xc1, 0xe9, 0x80, 0x00, 0x00,
  0x00, 0x00, 0x00, 0x00, 0x00, 0x00, 0x00, 0x02, 0x24, 0x3e, 0xaa, 0x00, 0x00, 0x00, 0x00, 0x38,
  0x5d, 0x1c, 0x80, 0x00, 0x00, 0x00, 0x00, 0x00, 0x00, 0x00, 0x00, 0x00, 0x08, 0x90, 0xfa, 0xa8,
  0x00, 0x00, 0x00, 0x00, 0xe4, 0xb9, 0x69, 0x00, 0x00, 0x00, 0x00, 0x00, 0x00, 0x00, 0x00, 0x00,
  0x00, 0x11, 0x21, 0xf5, 0x50, 0x00, 0x00, 0x00, 0x01, 0xca, 0x72, 0x89, 0x00, 0x00, 0x00, 0x00,
  0x00, 0x00, 0x00, 0x00, 0x00, 0x00, 0x22, 0x43, 0xea, 0xa0, 0x00, 0x00, 0x00, 0x03, 0x94, 0xe5,
  0x12, 0x00, 0x00, 0x00, 0x00, 0x00, 0x00, 0x00, 0x00, 0x00, 0x00, 0x44, 0x87, 0xd5, 0x40, 0x00,
  0x00, 0x00, 0x07, 0x29, 0xca, 0x24, 0x00, 0x00, 0x00, 0x00, 0x00, 0x00, 0x00, 0x00, 0x00, 0x00,
  0x89, 0x0f, 0xaa, 0x80, 0x00, 0x00, 0x00, 0x0e, 0x57, 0x93, 0x98, 0x98, 0x90, 0x00, 0x00, 0x00,
  0x00, 0x00, 0x00, 0x00, 0x00, 0x00, 0x11, 0x21, 0xf5, 0x50, 0x00, 0x00, 0x00, 0x01, 0xca, 0xf2,
  0xf3, 0x09, 0xc7, 0x10, 0x00, 0x00, 0x00, 0x00, 0x00, 0x00, 0x00, 0x00, 0x00, 0x22, 0x43, 0xea,
  0xa0, 0x00, 0x00, 0x00, 0x03, 0x43, 0xaa, 0xd6, 0x9e, 0x97, 0xb9, 0xbc, 0x80, 0x00, 0x00, 0x00,
  0x00, 0x00, 0x00, 0x00, 0x00, 0x01, 0x12, 0x1f, 0x55, 0x00, 0x00, 0x00, 0x00, 0x1a, 0x1d, 0x66,
  0xae, 0x3d, 0x37, 0xf5, 0xf9, 0x3c, 0x80, 0x00, 0x00, 0x00, 0x00, 0x00, 0x00, 0x00, 0x00, 0x22,
  0x40, 0x83, 0xea, 0xc0, 0x00, 0x00, 0x00, 0x03, 0x43, 0xac, 0xd5, 0xfa, 0x74, 0x1e, 0x94, 0x39,
  0x4c, 0x80, 0x00, 0x00, 0x00, 0x00, 0x00, 0x00, 0x00, 0x00, 0x42, 0xc4, 0x93, 0x13, 0x27, 0xd2,
  0xc0, 0x00, 0x00, 0x00, 0x06, 0x87, 0x59, 0x47, 0x7f, 0x9a, 0x87, 0x29, 0x90, 0x00, 0x00, 0x00,
  0x00, 0x00, 0x00, 0x00, 0x00, 0x06, 0x5b, 0x8c, 0xd3, 0x11, 0x6b, 0xa0, 0x95, 0xe0, 0x00, 0x00,
  0x00, 0x01, 0xa1, 0xad, 0x6b, 0x22, 0x9f, 0x33, 0x24, 0xc5, 0x60, 0x00, 0x00, 0x00, 0x00, 0x00,
  0x00, 0x00, 0x04, 0x4c, 0xed, 0xb2, 0xf4, 0x23, 0x65, 0xbc, 0x2d, 0x80, 0x00, 0x00, 0x00, 0x0d,
  0x06, 0xc3, 0x01, 0xe7, 0x44, 0x4f, 0x87, 0x35, 0xe2, 0x00, 0x00, 0x00, 0x00, 0x00, 0x00, 0x00,
  0x01, 0x13, 0x3b, 0x78, 0xcb, 0xd1, 0x1b, 0x2d, 0xe1, 0x6c, 0x00, 0x00, 0x00, 0x00, 0x68, 0x2f,
  0xe0, 0x3c, 0xe8, 0x8f, 0x0d, 0x2d, 0x6f, 0x10, 0x00, 0x00, 0x00, 0x00, 0x00, 0x00, 0x00, 0x08,
  0x99, 0xdb, 0xc3, 0x2f, 0x48, 0xd9, 0x6f, 0x0b, 0x60, 0x00, 0x00, 0x00, 0x03, 0x41, 0x7f, 0x01,
  0xe7, 0x44, 0xab, 0xa8, 0x56, 0xf1, 0x00, 0x00, 0x00, 0x00, 0x00, 0x00, 0x00, 0x00, 0x89, 0x9d,
  0xbc, 0x13, 0xe9, 0xb2, 0xde, 0x16, 0xc0, 0x00, 0x00, 0x00, 0x06, 0x82, 0xfe, 0x03, 0xce, 0x8c,
  0xd9, 0xd7, 0x29, 0x6a, 0x3c, 0x80, 0x02, 0x24, 0x00, 0x00, 0x00, 0x00, 0x00, 0x11, 0x24, 0x4b,
  0x2d, 0xb0, 0x4e, 0xd7, 0x78, 0x5b, 0x00, 0x00, 0x00, 0x00, 0x00, 0x01, 0xcc, 0x72, 0xde, 0x20,
  0x04, 0xc4, 0x80, 0x00, 0x00, 0x00, 0x00, 0x00, 0x42, 0x52, 0xeb, 0x7a, 0x70, 0x00, 0x00, 0x00,
  0x00, 0x00, 0x00, 0x0d, 0x77, 0x0d, 0xe2, 0x00, 0x23, 0xcc, 0x00, 0x00, 0x00, 0x00, 0x00, 0x07,
  0xa4, 0x86, 0x5d, 0x57, 0x48, 0x00, 0x00, 0x00, 0x00, 0x00, 0x00, 0x01, 0x4f, 0x8c, 0xf2, 0x00,
  0x1b, 0xee, 0x3b, 0x20, 0x00, 0x00, 0x00, 0x00, 0x00, 0x2d, 0xfb, 0x08, 0xde, 0x58, 0xe8, 0x40,
  0x00, 0x00, 0x00, 0x00, 0x00, 0x00, 0x29, 0xf1, 0x9e, 0x32, 0x01, 0x9f, 0x4d, 0x3c, 0x16, 0x40,
  0x00, 0x00, 0x00, 0x00, 0x04, 0x4a, 0x73, 0xf7, 0xf6, 0x23, 0x7d, 0xed, 0xd0, 0x80, 0x00, 0x00,
  0x00, 0x00, 0x00, 0x00, 0x53, 0xe3, 0x3c, 0x64, 0x07, 0xaf, 0x4d, 0xef, 0x5f, 0x82, 0xc8, 0x00,
  0x00, 0x00, 0x00, 0x00, 0x89, 0x4e, 0x6f, 0x6f, 0x74, 0x6f, 0xbd, 0xba, 0x10, 0x00, 0x00, 0x00,
  0x00, 0x00, 0x00, 0x0a, 0x7c, 0x67, 0x8c, 0x81, 0xed, 0xd3, 0xfa, 0xab, 0xf0, 0x59, 0x00, 0x00,
  0x00, 0x00, 0x00, 0x02, 0x7d, 0x21, 0xeb, 0x62, 0x37, 0xde, 0xdd, 0x08, 0x00, 0x00, 0x00, 0x00,
  0x00, 0x00, 0x05, 0x3e, 0x33, 0xc6, 0x41, 0x63, 0xa6, 0xf4, 0x2b, 0xf0, 0x59, 0x00, 0x00, 0x00,
  0x00, 0x00, 0x44, 0xc1, 0x97, 0xa4, 0x1e, 0x9e, 0xfb, 0xff, 0x00, 0x6e, 0x84, 0x00, 0x00, 0x00,
  0x00, 0x00, 0x00, 0x02, 0x9f, 0x19, 0xe3, 0x22, 0x2e, 0x74, 0x99, 0x8a, 0xfc, 0x16, 0x40, 0x00,
  0x00, 0x00, 0x00, 0x08, 0x25, 0x98, 0x67, 0xd3, 0xfb, 0xf4, 0x20, 0x00, 0x00, 0x00, 0x00, 0x00,
  0x00, 0x14, 0xf8, 0xcf, 0x19, 0x22, 0xf7, 0x47, 0x90, 0x57, 0xe0, 0xb2, 0x00, 0x00, 0x00, 0x00,
  0x01, 0xeb, 0xb0, 0x44, 0x99, 0x84, 0x6e, 0x7d, 0x3a, 0x10, 0x00, 0x00, 0x00, 0x00, 0x00, 0x00,
  0x0a, 0x7c, 0x67, 0x8c, 0xa3, 0x63, 0xd0, 0xc8, 0x2b, 0xf0, 0x59, 0x00, 0x00, 0x00, 0x00, 0x00,
  0xb9, 0x7f, 0xd2, 0x53, 0x19, 0x84, 0x6c, 0xe3, 0xa1, 0x00, 0x00, 0x00, 0x00, 0x00, 0x00, 0x00,
  0xa7, 0xc6, 0x78, 0xcc, 0x6c, 0xfa, 0x00, 0x15, 0xf8, 0x2c, 0x80, 0x00, 0x00, 0x00, 0x00, 0x5c,
  0xb7, 0xe9, 0xea, 0x98, 0xcc, 0x23, 0x67, 0x1d, 0x08, 0x00, 0x00, 0x00, 0x00, 0x00, 0x00, 0x05,
  0x3e, 0x33, 0xc5, 0xb6, 0xde, 0x80, 0x57, 0xe0, 0xb2, 0x00, 0x00, 0x00, 0x00, 0x01, 0x72, 0xdb,
  0xd3, 0xd6, 0x63, 0x30, 0x8d, 0x9c, 0x74, 0x20, 0x00, 0x00, 0x00, 0x00, 0x00, 0x00, 0x14, 0xf8,
  0xcf, 0x1d, 0xd6, 0xea, 0x00, 0x2b, 0xf0, 0x59, 0x00, 0x00, 0x00, 0x00, 0x89, 0x02, 0xe5, 0xb3,
  0x3f, 0x78, 0xcc, 0x23, 0x67, 0x1d, 0x08, 0x00, 0x00, 0x00, 0x00, 0x00, 0x00, 0x05, 0x3e, 0x33,
  0x6d, 0xb7, 0x80, 0x05, 0x7e, 0x0f, 0x24, 0x48, 0x00, 0x00, 0x44, 0x89, 0xc6, 0x40, 0x2d, 0xd9,
  0x19, 0xd9, 0xcc, 0x23, 0x67, 0x1d, 0x08, 0x00, 0x00, 0x00, 0x00, 0x00, 0x00, 0x05, 0x3d, 0x1e,
  0xca, 0x00, 0x0c, 0x38, 0xbf, 0x04, 0x5e, 0xa3, 0x20, 0x00, 0x16, 0xeb, 0x61, 0x24, 0x5b, 0xa9,
  0x20, 0x16, 0x2c, 0x07, 0xad, 0x90, 0x5c, 0xf7, 0xe9, 0x00, 0x00, 0x00, 0x00, 0x00, 0x00, 0x00,
  0x29, 0xe9, 0xee, 0x80, 0x0c, 0xf9, 0x3d, 0x53, 0x6b, 0xba, 0xe3, 0xb2, 0x00, 0x00, 0xd9, 0x50,
  0xf2, 0xce, 0x1b, 0x8d, 0xb7, 0x1f, 0x94, 0x48, 0x17, 0x6d, 0x00, 0x06, 0xdf, 0xa7, 0x00, 0x00,
  0x00, 0x00, 0x00, 0x00, 0x00, 0xa7, 0xa7, 0xba, 0x00, 0x32, 0xe5, 0x35, 0x3d, 0x07, 0x53, 0x47,
  0x83, 0xc8, 0x00, 0x03, 0xd1, 0x82, 0x37, 0x9d, 0x15, 0x0e, 0x3b, 0x20, 0x0b, 0xb7, 0x60, 0x00,
  0x6d, 0xfa, 0x50, 0x00, 0x00, 0x00, 0x00, 0x00, 0x00, 0x0a, 0x7a, 0x7b, 0xa0, 0x03, 0x2e, 0x4e,
  0xf7, 0x4d, 0x14, 0xb8, 0x3c, 0x80, 0x00, 0x3d, 0x0c, 0x77, 0xdb, 0xe8, 0xa3, 0xc7, 0x64, 0x01,
  0x66, 0xc0, 0x00, 0x6e, 0xba, 0xa0, 0x00, 0x00, 0x00, 0x00, 0x00, 0x00, 0x0a, 0x7a, 0x6b, 0xc0,
  0x02, 0x7c, 0x36, 0x10, 0xa3, 0xc2, 0x64, 0x00, 0x01, 0xe8, 0x5f, 0xeb, 0x31, 0x51, 0xe3, 0xb2,
  0x00, 0xcf, 0xd0, 0x00, 0x37, 0xbd, 0x88, 0x00, 0x00, 0x00, 0x00, 0x00, 0x00, 0x05, 0x4f, 0x0c,
  0xc0, 0x03, 0x21, 0x47, 0x82, 0xcc, 0x00, 0x89, 0x89, 0x33, 0x95, 0xfe, 0xb2, 0x14, 0x38, 0xe9,
  0x24, 0x19, 0xe4, 0x00, 0x1b, 0xee, 0xc8, 0x00, 0x00, 0x00, 0x00, 0x00, 0x00, 0x02, 0x98, 0x00,
  0x01, 0x47, 0x82, 0xc8, 0x00, 0x32, 0x83, 0xd2, 0x57, 0xba, 0x98, 0x51, 0xe4, 0x65, 0x12, 0xc6,
  0x4c, 0xfd, 0x00, 0x03, 0x7b, 0xd8, 0x80, 0x00, 0x00, 0x00, 0x00, 0x00, 0x00, 0x54, 0x00, 0x00,
  0x28, 0xf0, 0x39, 0x00, 0x22, 0xee, 0xd0, 0x3d, 0x4b, 0x1b, 0x78, 0x57, 0xd1, 0xcc, 0x26, 0x34,
  0xfe, 0x05, 0x8f, 0x78, 0x00, 0x1b, 0xbe, 0xb0, 0x00, 0x00, 0x00, 0x00, 0x00, 0x00, 0x02, 0xa0,
  0x00, 0x01, 0x47, 0x81, 0xc8, 0x01, 0x16, 0xad, 0x5d, 0x1e, 0xa5, 0x8d, 0xbc, 0x2b, 0xe8, 0xe6,
  0x11, 0x56, 0x9d, 0x72, 0xd5, 0x80, 0x00, 0xdc, 0xf5, 0x40, 0x00, 0x00, 0x00, 0x00, 0x00, 0x00,
  0x1f, 0x2e, 0x00, 0x00, 0x23, 0x00, 0x02, 0x2d, 0xfa, 0x7a, 0x5d, 0x97, 0xa9, 0x63, 0x6f, 0x0a,
  0xfa, 0x39, 0x8c, 0x6b, 0x45, 0x4a, 0xe5, 0x9b, 0x20, 0x27, 0xd0, 0x6d, 0xfa, 0x70, 0x00, 0x00,
  0x00, 0x00, 0x00, 0x00, 0x0f, 0x95, 0x00, 0x00, 0x00, 0x01, 0x16, 0xfd, 0x19, 0xde, 0x9f, 0x52,
  0xc6, 0xde, 0x15, 0xf4, 0x73, 0x85, 0x52, 0xa5, 0x72, 0xcd, 0x90, 0x18, 0xf7, 0x30, 0x7a, 0xd8,
  0x00, 0x00, 0x00, 0x00, 0x00, 0x00, 0x00, 0xf9, 0x50, 0x00, 0x00, 0x02, 0x04, 0xc5, 0xbc, 0xcc,
  0xef, 0x7b, 0x96, 0x36, 0xf0, 0xaf, 0xa3, 0xc6, 0xa8, 0xa9, 0x5c, 0xb3, 0x64, 0x0a, 0x8f, 0xa0,
  0xc1, 0xeb, 0x64, 0x00, 0x00, 0x00, 0x00, 0x00, 0x00, 0x03, 0xe5, 0x40, 0x00, 0x00, 0x16, 0x6e,
  0x62, 0x16, 0x33, 0x19, 0x7a, 0x96, 0x36, 0xf0, 0xf0, 0xe7, 0xeb, 0x05, 0x4a, 0xe5, 0x9b, 0x20,
  0xa7, 0xe1, 0x67, 0xe8, 0x10, 0x7a, 0xd9, 0x00, 0x00, 0x00, 0x00, 0x00, 0x00, 0x00, 0xf9, 0x50,
  0x00, 0x00, 0x06, 0xce, 0xe4, 0xc1, 0x97, 0xbc, 0x86, 0x10, 0xf4, 0xb6, 0x78, 0x69, 0x24, 0x2a,
  0x57, 0x2c, 0xd9, 0x0a, 0x5e, 0x33, 0x63, 0xe8, 0x10, 0x7a, 0xd9, 0x00, 0x00, 0x00, 0x00, 0x00,
  0x00, 0x00, 0xf9, 0x50, 0x00, 0x00, 0x08, 0xbd, 0xb9, 0xb9, 0xac, 0x32, 0xf7, 0xc8, 0x3c, 0xca,
  0xb5, 0x44, 0x82, 0xa5, 0x72, 0xcd, 0x91, 0x47, 0xcc, 0xb1, 0xf4, 0x08, 0x3d, 0x6c, 0x80, 0x00,
  0x00, 0x00, 0x00, 0x00, 0x00, 0x7c, 0xa8, 0x00, 0x00, 0x03, 0x6f, 0xd2, 0xb4, 0xb5, 0x93, 0x3e,
  0x39, 0x08, 0x30, 0x00, 0x2a, 0x57, 0x2c, 0xd9, 0x45, 0x1c, 0x05, 0x8f, 0xa0, 0x41, 0xeb, 0x64,
  0x00, 0x00, 0x00, 0x00, 0x00, 0x00, 0x03, 0xe5, 0x40, 0x00, 0x00, 0x21, 0x09, 0x0b, 0x99, 0x81,
  0x3e, 0x80, 0x0a, 0x95, 0xcb, 0x36, 0x62, 0x86, 0x21, 0x63, 0xe8, 0x10, 0x7a, 0xd9, 0x00, 0x00,
  0x00, 0x00, 0x00, 0x00, 0x00, 0xf9, 0x40, 0x00, 0x00, 0xc8, 0x44, 0x81, 0x17, 0x33, 0x01, 0xe9,
  0x20, 0x15, 0x2b, 0x96, 0xbd, 0xa8, 0xe2, 0x0b, 0x1f, 0x40, 0x83, 0xd6, 0xc8, 0x00, 0x00, 0x00,
  0x00, 0x00, 0x00, 0x07, 0x3e, 0x00, 0x00, 0x55, 0xe4, 0xb2, 0x00, 0x22, 0xe6, 0x60, 0x12, 0x01,
  0x5b, 0xc4, 0xf6, 0xf2, 0x80, 0x2c, 0x7d, 0x02, 0x0f, 0x5b, 0x20, 0x00, 0x00, 0x00, 0x00, 0x00,
  0x00, 0x14, 0xc0, 0x00, 0x0a, 0x1c, 0x16, 0x60, 0x04, 0x5c, 0xcc, 0x07, 0x9f, 0x88, 0x06, 0x38,
  0x80, 0x0b, 0x1f, 0x40, 0x83, 0xd6, 0xc8, 0x00, 0x00, 0x00, 0x00, 0x00, 0x00, 0x05, 0x40, 0x00,
  0x02, 0x87, 0x05, 0x90, 0x01, 0x17, 0x33, 0x01, 0xe7, 0xe2, 0x01, 0x8e, 0x20, 0x02, 0xc7, 0xd0,
  0x20, 0xf5, 0xb2, 0x00, 0x00, 0x00, 0x00, 0x00, 0x00, 0x01, 0x50, 0x00, 0x00, 0xa3, 0xc0, 0xe4,
  0x00, 0x2d, 0xe6, 0x03, 0x0c, 0x00, 0x3c, 0xb0, 0x00, 0x16, 0x3e, 0x81, 0x07, 0xad, 0x90, 0x00,
  0x00, 0x00, 0x00, 0x00, 0x00, 0x0d, 0x70, 0x00, 0x01, 0x47, 0x87, 0xc8, 0x00, 0x5b, 0xcc, 0x06,
  0x59, 0x00, 0x55, 0xae, 0x00, 0x3d, 0xfe, 0x81, 0x89, 0xed, 0x68, 0x00, 0x00, 0x00, 0x00, 0x00,
  0x00, 0x03, 0xe5, 0x00, 0x00, 0x03, 0x20, 0x01, 0x17, 0x33, 0x01, 0x3e, 0x80, 0x15, 0x2b, 0x80,
  0x0f, 0x7f, 0xa0, 0x62, 0x7b, 0x5a, 0x00, 0x00, 0x00, 0x00, 0x00, 0x00, 0x00, 0xf9, 0xb8, 0x00,
  0x00, 0x80, 0x00, 0xb9, 0x90, 0x0c, 0xb2, 0x00, 0xab, 0x5c, 0x00, 0x9f, 0x7e, 0xd2, 0x0f, 0x5b,
  0x20, 0x00, 0x00, 0x00, 0x00, 0x01, 0xff, 0xc4, 0x00, 0x2e, 0x10, 0x00, 0x00, 0x04, 0x02, 0x08,
  0x06, 0x03, 0x01, 0x01, 0x01, 0x01, 0x00, 0x00, 0x00, 0x00, 0x00, 0x00, 0x01, 0x02, 0x03, 0x04,
  0x11, 0x10, 0x12, 0x13, 0x14, 0x20, 0x31, 0x32, 0x33, 0x05, 0x15, 0x30, 0x34, 0x50, 0x60, 0x21,
  0x40, 0x41, 0x22, 0x42, 0x23, 0x24, 0xff, 0xda, 0x00, 0x08, 0x01, 0x01, 0x00, 0x01, 0x05, 0x02,
  0xf3, 0xf1, 0x5b, 0xc5, 0x94, 0x43, 0xce, 0x32, 0x77, 0xf3, 0x17, 0xf3, 0x17, 0xf3, 0x17, 0xf3,
  0x1c, 0xc1, 0x44, 0x39, 0x92, 0x87, 0x32, 0x50, 0xe6, 0x4a, 0x1c, 0xc9, 0x43, 0x99, 0x28, 0x73,
  0x25, 0x0e, 0x64, 0xa1, 0xcc, 0x94, 0x39, 0x92, 0x87, 0x32, 0x50, 0xe6, 0x4a, 0x1c, 0xc9, 0x43,
  0x99, 0x28, 0x73, 0x25, 0x0e, 0x64, 0xa1, 0xcc, 0x94, 0x39, 0x92, 0x87, 0x32, 0x50, 0xe6, 0x4a,
  0x1c, 0xc9, 0x43, 0x99, 0x28, 0x73, 0x25, 0x0e, 0x64, 0xa1, 0xcc, 0x94, 0x39, 0x92, 0x87, 0x32,
  0x50, 0xe6, 0x4a, 0x1c, 0xc9, 0x43, 0x99, 0x28, 0x73, 0x25, 0x0e, 0x64, 0xa1, 0xcc, 0x94, 0x39,
  0x92, 0x87, 0x32, 0x50, 0xe6, 0x4a, 0x1c, 0xc9, 0x43, 0x99, 0x28, 0x73, 0x25, 0x0e, 0x64, 0xa1,
  0xcc, 0x94, 0x39, 0x92, 0x87, 0x32, 0x50, 0xe6, 0x4a, 0x1c, 0xc9, 0x43, 0x99, 0x28, 0x73, 0x25,
  0x0e, 0x64, 0xa1, 0xcc, 0x94, 0x0b, 0x89, 0x28, 0xd5, 0x7b, 0x39, 0x5e, 0xcc, 0x5e, 0xcc, 0x5e,
  0xcc, 0x5e, 0xcc, 0x21, 0x46, 0xa4, 0xfa, 0x0c, 0x56, 0xf1, 0x64, 0x64, 0x4b, 0x4c, 0x54, 0x29,
  0xb4, 0x7e, 0x51, 0x3a, 0xbf, 0x29, 0x65, 0x8a, 0xbe, 0x87, 0x15, 0xbc, 0x59, 0x03, 0x92, 0x8a,
  0x2a, 0x10, 0xdb, 0x3f, 0x26, 0x9d, 0x5f, 0x83, 0x30, 0xcb, 0x15, 0x0b, 0xd0, 0xe2, 0xb7, 0x8b,
  0x2a, 0x33, 0x28, 0xb8, 0x3a, 0x9e, 0x4d, 0x3a, 0xbf, 0x08, 0x8d, 0x46, 0xcb, 0x24, 0x82, 0xf4,
  0x48, 0xad, 0xe2, 0xca, 0x9f, 0xc8, 0xb8, 0x3f, 0x24, 0x9d, 0x64, 0x93, 0x50, 0x69, 0xa2, 0x6c,
  0xbd, 0x16, 0x2f, 0x7a, 0xdd, 0xa9, 0x5b, 0xb4, 0x2d, 0xda, 0x16, 0xed, 0x0b, 0x76, 0x45, 0xb3,
  0x26, 0x22, 0xea, 0x1b, 0xde, 0x40, 0xb5, 0x43, 0x3a, 0xd5, 0x4b, 0x76, 0x45, 0xbb, 0x42, 0xdd,
  0xa1, 0x6e, 0xd0, 0xb6, 0x68, 0x5b, 0xb2, 0x09, 0xe6, 0x8f, 0xd0, 0x23, 0x33, 0x56, 0xba, 0x64,
  0x32, 0x3f, 0xdc, 0x0d, 0xb6, 0x6e, 0x1d, 0x91, 0x10, 0xa8, 0x42, 0xa1, 0x0a, 0x84, 0x2a, 0x10,
  0xa8, 0x41, 0x49, 0x97, 0x87, 0x96, 0x19, 0x06, 0x3d, 0x02, 0x33, 0x33, 0xd7, 0xd2, 0x81, 0xdd,
  0x79, 0xaa, 0xe0, 0xfe, 0x30, 0x19, 0x83, 0xf1, 0xac, 0x7a, 0x04, 0x66, 0x67, 0xaf, 0xa5, 0x05,
  0xba, 0x1d, 0x68, 0x96, 0x52, 0x34, 0x98, 0x33, 0xa0, 0xf2, 0xf1, 0x8c, 0xfa, 0x04, 0x66, 0x67,
  0xaf, 0xa5, 0x05, 0xbb, 0x43, 0x8d, 0x92, 0xc9, 0xc6, 0x94, 0xda, 0x68, 0x3c, 0xbc, 0x63, 0x3e,
  0x81, 0x19, 0x99, 0xeb, 0xe9, 0x41, 0x6e, 0xd3, 0x98, 0x7d, 0x8a, 0x86, 0x0f, 0x2f, 0x18, 0xcf,
  0xa0, 0x46, 0x66, 0x7a, 0xfa, 0x50, 0x5b, 0xbf, 0xb8, 0x1f, 0x62, 0x40, 0xf2, 0xf1, 0x8c, 0xfa,
  0x04, 0x66, 0x67, 0xaf, 0xa5, 0x0a, 0xaa, 0x8e, 0x12, 0x88, 0xc4, 0xd2, 0x26, 0x91, 0x34, 0x89,
  0xa4, 0x4d, 0x22, 0x28, 0x92, 0x95, 0xf8, 0xc6, 0x7d, 0x02, 0x33, 0x33, 0xd7, 0xd3, 0x9a, 0x85,
  0x65, 0x0a, 0xca, 0x15, 0x94, 0x2b, 0x28, 0x56, 0x50, 0x9f, 0x8d, 0x67, 0xd0, 0x23, 0x33, 0x3d,
  0x7e, 0x79, 0x9f, 0x40, 0x8c, 0xcc, 0xf5, 0xf9, 0xe6, 0x7d, 0x02, 0x33, 0x33, 0xd7, 0xe7, 0x99,
  0xf4, 0x08, 0xcc, 0xcf, 0x5f, 0x9e, 0x67, 0xd0, 0x23, 0x33, 0x3d, 0x7e, 0x79, 0x9f, 0x40, 0x8c,
  0xcc, 0xf5, 0xf9, 0xe6, 0x7d, 0x02, 0x33, 0x33, 0xd7, 0xe7, 0x99, 0xf4, 0x08, 0xcc, 0xcf, 0x5f,
  0x9e, 0x67, 0xd0, 0x23, 0x33, 0x3d, 0x7e, 0x79, 0x9f, 0x40, 0x8c, 0xcc, 0xf5, 0xf9, 0xe6, 0x7d,
  0x02, 0x33, 0x33, 0xd7, 0xe7, 0x99, 0xf4, 0x08, 0xcc, 0xcf, 0x5f, 0x9e, 0x67, 0xd0, 0x23, 0x33,
  0x3d, 0x7e, 0x79, 0x9f, 0x40, 0x8d, 0x51, 0x12, 0x8f, 0x5f, 0x9e, 0x67, 0xd0, 0x38, 0x86, 0xe9,
  0xea, 0xf3, 0xcc, 0xfa, 0x07, 0x11, 0xdd, 0xff, 0x00, 0x5e, 0x79, 0x9f, 0x40, 0xe2, 0x1b, 0xa7,
  0xab, 0xcf, 0x33, 0xe8, 0x1c, 0x43, 0x74, 0xf5, 0x7d, 0xe9, 0x7c, 0x48, 0xc4, 0x8c, 0x48, 0xc4,
  0x8c, 0x48, 0xc4, 0x8c, 0x48, 0xc4, 0x8c, 0x48, 0xc4, 0x8c, 0x48, 0xc4, 0x8c, 0x48, 0xc4, 0x8c,
  0x48, 0xc4, 0x8c, 0x48, 0xc4, 0x8c, 0x48, 0xc4, 0x8c, 0x48, 0xc4, 0x8c, 0x7c, 0x89, 0x18, 0xaa,
  0xa1, 0x51, 0x42, 0xa2, 0x85, 0x45, 0x0a, 0x8a, 0x15, 0x14, 0x2a, 0xac, 0x32, 0x95, 0x7a, 0x07,
  0x10, 0xdd, 0x3d, 0x5f, 0x77, 0xe2, 0x7f, 0x09, 0x4f, 0xd7, 0x20, 0x9c, 0x68, 0xf4, 0x0e, 0x21,
  0xba, 0x7a, 0xbe, 0xe9, 0x67, 0xf6, 0x08, 0x27, 0x1a, 0x3d, 0x03, 0x88, 0x6e, 0x9e, 0xaf, 0xba,
  0x59, 0xfd, 0x82, 0x09, 0xc6, 0x8f, 0x40, 0xe2, 0x1b, 0xa7, 0xab, 0xee, 0x96, 0x7f, 0x42, 0x54,
  0x1b, 0x4a, 0x24, 0x61, 0x20, 0x9c, 0x68, 0xf4, 0x0e, 0x21, 0xba, 0x7a, 0xbe, 0xe9, 0x67, 0xf4,
  0x99, 0xf9, 0x65, 0xd6, 0x12, 0xe1, 0x3b, 0x0e, 0xa6, 0x86, 0x54, 0x90, 0x4e, 0x34, 0x7a, 0x07,
  0x10, 0xdd, 0x3d, 0x5f, 0x74, 0xb3, 0xfa, 0x4c, 0x6d, 0x50, 0xb6, 0x10, 0xe1, 0xb9, 0x0c, 0xa2,
  0x51, 0xfc, 0x19, 0x04, 0xe3, 0x47, 0xa0, 0x71, 0x0d, 0xd3, 0xd5, 0xf7, 0x67, 0xf2, 0x50, 0xca,
  0x53, 0x3f, 0x45, 0x8d, 0xaa, 0x66, 0x0d, 0xa4, 0x18, 0x38, 0x55, 0x10, 0x4e, 0x34, 0x7a, 0x07,
  0x10, 0xdd, 0x3d, 0x5f, 0x76, 0x61, 0x11, 0x9f, 0xf9, 0xe6, 0x42, 0x64, 0x26, 0x42, 0x64, 0x26,
  0x42, 0x64, 0x26, 0x42, 0x64, 0x26, 0x42, 0x64, 0x26, 0x42, 0x64, 0x26, 0x42, 0x64, 0x26, 0x42,
  0xb1, 0x09, 0x90, 0x63, 0x6b, 0x11, 0xa5, 0x26, 0x4a, 0x4d, 0x5c, 0x48, 0xf4, 0x0e, 0x21, 0xba,
  0x7a, 0xbc, 0x79, 0x88, 0x6d, 0x8c, 0x67, 0xf2, 0x14, 0x9a, 0xb8, 0x51, 0xe8, 0x1c, 0x47, 0x74,
  0xf5, 0x78, 0xf3, 0xca, 0x17, 0xb7, 0xe8, 0x4a, 0x61, 0x68, 0xab, 0x81, 0x1e, 0x81, 0xc4, 0x0b,
  0xfe, 0x9f, 0xeb, 0xc7, 0x98, 0x85, 0xd8, 0xe9, 0x2d, 0xb9, 0x52, 0x8f, 0x40, 0x8d, 0x2f, 0xe8,
  0xf5, 0xfd, 0x79, 0x56, 0x0e, 0x42, 0xd9, 0x22, 0xa9, 0x0a, 0xa4, 0x2e, 0xae, 0x0b, 0xab, 0x82,
  0xea, 0xe0, 0xba, 0xb8, 0x2e, 0xae, 0x0b, 0xab, 0x82, 0xea, 0xe0, 0xba, 0xb8, 0x2e, 0xae, 0x0b,
  0xab, 0x82, 0xea, 0xe0, 0xba, 0xb8, 0x2e, 0xae, 0x0b, 0xab, 0x82, 0xea, 0xe0, 0xba, 0xb8, 0x2e,
  0xae, 0x0b, 0xab, 0x82, 0xea, 0xe0, 0xba, 0xba, 0x0a, 0x09, 0xc5, 0x29, 0xb6, 0x14, 0xda, 0x2c,
  0xd4, 0x2c, 0xd4, 0x2c, 0xd4, 0x2c, 0xd4, 0x2c, 0xd4, 0x2c, 0xd4, 0x2c, 0xd4, 0x2c, 0xd4, 0x2c,
  0xd4, 0x2c, 0xd4, 0x2c, 0xcc, 0x38, 0xca, 0xeb, 0x58, 0xba, 0x10, 0xd3, 0x81, 0x4f, 0x25, 0x21,
  0xc8, 0xf6, 0x9b, 0x3e, 0x66, 0xc8, 0xe6, 0x6c, 0x8e, 0x66, 0xc8, 0xe6, 0x4c, 0x82, 0x8e, 0x6c,
  0xca, 0xfa, 0xd8, 0xbe, 0xb6, 0x2f, 0xad, 0x8b, 0xeb, 0x62, 0xfa, 0xd8, 0xbe, 0xb6, 0x2f, 0xad,
  0x8b, 0xeb, 0x62, 0xfa, 0xd8, 0xbe, 0xb6, 0x2f, 0xad, 0x8b, 0xeb, 0x62, 0xfa, 0xd8, 0xbe, 0xb6,
  0x2f, 0xad, 0x8b, 0xeb, 0x62, 0xfa, 0xd8, 0xbe, 0xb6, 0x2f, 0xad, 0x8b, 0xeb, 0x62, 0xfa, 0xd8,
  0xbe, 0xb6, 0x09, 0xc2, 0x32, 0xae, 0x42, 0xb9, 0x0a, 0xe4, 0x2b, 0x90, 0xae, 0x42, 0xb9, 0x0a,
  0xe4, 0x2b, 0x90, 0xac, 0x42, 0x23, 0x88, 0x35, 0x0c, 0xae, 0x6f, 0x0e, 0x39, 0xbc, 0x38, 0x27,
  0xd2, 0xa4, 0xdb, 0x24, 0x5b, 0x24, 0x5b, 0x24, 0x5b, 0x0b, 0x60, 0x6f, 0xc8, 0x5e, 0x85, 0xec,
  0x2e, 0x3e, 0xa0, 0xe6, 0x23, 0x98, 0x8e, 0x62, 0x39, 0x88, 0xe6, 0x20, 0xf8, 0x94, 0x87, 0x34,
  0x1c, 0xd0, 0x73, 0x41, 0xcd, 0x47, 0x34, 0x0b, 0x8b, 0x27, 0xc2, 0xb5, 0xfd, 0x72, 0xf8, 0x37,
  0xa3, 0x6d, 0x91, 0xe1, 0xa2, 0x9c, 0x23, 0x6e, 0xd5, 0x42, 0xd0, 0xc5, 0xa1, 0x8b, 0x43, 0x16,
  0x8a, 0x0d, 0x2c, 0xea, 0x57, 0x31, 0x5c, 0xc5, 0x73, 0x15, 0xcc, 0x57, 0x31, 0x5c, 0xc5, 0x73,
  0x15, 0xcc, 0x57, 0x31, 0x5c, 0xc5, 0x73, 0x15, 0xcc, 0x57, 0x31, 0x5c, 0xc5, 0x73, 0x15, 0xcc,
  0x57, 0x31, 0x5c, 0xc5, 0x73, 0x15, 0xcc, 0x57, 0x31, 0x0d, 0xff, 0x00, 0x57, 0x25, 0x2e, 0x89,
  0x67, 0xc5, 0x77, 0xc7, 0xfa, 0x6b, 0x67, 0x0a, 0xb2, 0xa1, 0x68, 0xac, 0x4a, 0xae, 0x83, 0xae,
  0x62, 0xb9, 0x8a, 0xe6, 0x2b, 0x98, 0x52, 0xce, 0x56, 0x86, 0x2d, 0x14, 0x2d, 0x0c, 0x5a, 0x18,
  0xb4, 0x50, 0xb4, 0x33, 0xfb, 0x69, 0x54, 0x81, 0x7c, 0xf8, 0x57, 0x36, 0xb0, 0x7e, 0x34, 0x7f,
  0xc7, 0xd5, 0x86, 0x42, 0x49, 0xae, 0x89, 0x67, 0xc5, 0x77, 0xc7, 0xfa, 0x6b, 0x67, 0x0a, 0xb2,
  0xa5, 0x6d, 0x93, 0x84, 0xa4, 0x9a, 0x0e, 0x95, 0x69, 0xf0, 0x29, 0x55, 0x5f, 0x0a, 0xee, 0xce,
  0x16, 0xb4, 0x7d, 0x48, 0x56, 0xce, 0xd7, 0xa4, 0x59, 0xf1, 0x5d, 0xf1, 0xfe, 0x9a, 0xd9, 0xc2,
  0xac, 0xb0, 0x2d, 0x04, 0xe1, 0x2d, 0xb3, 0x41, 0xd0, 0xad, 0x3e, 0x8c, 0xe6, 0xd6, 0x16, 0xb4,
  0x7d, 0x32, 0x4d, 0x73, 0x87, 0x41, 0xb4, 0xd7, 0x48, 0xb3, 0xe2, 0xbb, 0xe3, 0xfd, 0x35, 0xb3,
  0x85, 0x59, 0x61, 0x52, 0x49, 0x64, 0xe3, 0x66, 0xd9, 0x85, 0x69, 0xf4, 0x67, 0x36, 0xb0, 0xb5,
  0xa3, 0xe9, 0xc2, 0x31, 0x68, 0x7d, 0x32, 0xcf, 0x8a, 0xef, 0x8f, 0xf4, 0xd6, 0xce, 0x15, 0x65,
  0x89, 0x49, 0x25, 0x13, 0x8d, 0x1b, 0x66, 0xad, 0x3e, 0x8c, 0xe6, 0xd6, 0x16, 0xb4, 0x61, 0x6a,
  0x1e, 0xb0, 0xba, 0x20, 0x5d, 0x10, 0x2e, 0x88, 0x17, 0x44, 0x0b, 0xa2, 0x05, 0xd1, 0x02, 0xe8,
  0x81, 0x74, 0x40, 0xba, 0x20, 0x5d, 0x10, 0x2e, 0x88, 0x17, 0x44, 0x0b, 0xa2, 0x03, 0x0d, 0x93,
  0x49, 0xe9, 0x96, 0x7c, 0x57, 0x7c, 0x7f, 0xa6, 0xf6, 0x70, 0x9e, 0x52, 0x12, 0x12, 0x12, 0x12,
  0x12, 0x12, 0x06, 0x9a, 0xc5, 0x10, 0x8b, 0x33, 0xf4, 0x67, 0x36, 0xb0, 0xb5, 0xa3, 0x03, 0x10,
  0xe0, 0xfa, 0xc9, 0xea, 0x16, 0x7c, 0x57, 0x7e, 0x86, 0x22, 0xd6, 0x91, 0x68, 0xa1, 0x68, 0xa1,
  0x68, 0xa1, 0x68, 0xa1, 0x68, 0xa0, 0xf3, 0xab, 0x26, 0xef, 0x0e, 0x8b, 0xc3, 0xa2, 0xf0, 0xe8,
  0xbc, 0x3a, 0x2f, 0x0e, 0x8b, 0xc3, 0xa2, 0xf0, 0xe8, 0xbc, 0x3a, 0x0d, 0x6a, 0x57, 0xa3, 0xb9,
  0xb5, 0x85, 0xad, 0x14, 0xc3, 0xc3, 0xd0, 0x7d, 0x64, 0xf5, 0x0b, 0x3e, 0x2b, 0xbf, 0x4b, 0x2f,
  0x9a, 0x0f, 0x32, 0xa5, 0xed, 0xa2, 0xf4, 0xf7, 0x36, 0xb0, 0xb5, 0xa0, 0x7e, 0xb1, 0x0f, 0x2a,
  0x4f, 0xac, 0x9e, 0xa1, 0x67, 0xc5, 0x77, 0xf0, 0x32, 0xf1, 0xa0, 0xc8, 0xc9, 0x45, 0x43, 0xdb,
  0x45, 0xe9, 0xee, 0x97, 0xfc, 0x7f, 0x70, 0x35, 0xa3, 0x30, 0xc4, 0x3d, 0x42, 0xa4, 0xfa, 0xc9,
  0xea, 0x16, 0x7c, 0x57, 0x7f, 0x0b, 0x4f, 0x1b, 0x66, 0x46, 0x4a, 0x20, 0xfe, 0xd1, 0x78, 0xa6,
  0x59, 0x9f, 0x85, 0x73, 0x6b, 0xf7, 0x03, 0x24, 0x66, 0x86, 0x18, 0x24, 0x16, 0x03, 0xeb, 0x27,
  0xa8, 0x59, 0xf1, 0x5d, 0xfc, 0x4d, 0x3a, 0x6d, 0x1a, 0x57, 0x5c, 0x9f, 0xda, 0x2f, 0x12, 0xd3,
  0x3e, 0x19, 0x6a, 0xff, 0x00, 0x9f, 0xee, 0x08, 0x67, 0xd2, 0xd1, 0xf3, 0x16, 0x47, 0x31, 0x64,
  0x73, 0x16, 0x47, 0x31, 0x64, 0x73, 0x06, 0x85, 0xfd, 0xa5, 0x1f, 0xe7, 0x51, 0x3d, 0x42, 0xcf,
  0x8a, 0xef, 0xe3, 0x69, 0xc3, 0x6d, 0x4e, 0x2c, 0x9c, 0x60, 0xbc, 0x3e, 0x66, 0xd3, 0x12, 0xa6,
  0xd9, 0xa1, 0x6c, 0xd0, 0xb6, 0x68, 0x5b, 0x34, 0x2d, 0x9a, 0x16, 0xcd, 0x0b, 0x66, 0x85, 0xb3,
  0x42, 0xd5, 0xb0, 0x46, 0x4a, 0xfb, 0x6a, 0xd1, 0xd1, 0x95, 0x08, 0x2f, 0xfa, 0xa7, 0x6f, 0x04,
  0x4c, 0x55, 0x51, 0x0f, 0xb3, 0x89, 0xc8, 0xcb, 0x07, 0xab, 0x24, 0xf1, 0x56, 0x49, 0x0a, 0xe8,
  0x15, 0xd0, 0x2b, 0xa0, 0x57, 0x40, 0x35, 0xa6, 0xac, 0x59, 0x9a, 0x9c, 0xe8, 0x56, 0x39, 0x78,
  0x7c, 0x85, 0xeb, 0xf9, 0xbd, 0x0b, 0xd0, 0xbd, 0x0b, 0xd0, 0xbd, 0x0b, 0xd0, 0xbd, 0x0b, 0xd0,
  0xbd, 0x0b, 0xd0, 0x44, 0x57, 0xcc, 0x02, 0xeb, 0xb1, 0xf6, 0x95, 0xa3, 0xa6, 0x8d, 0xd2, 0xdb,
  0xa6, 0x26, 0x28, 0x7e, 0xc3, 0xec, 0xe2, 0xe2, 0x9a, 0xe0, 0x3b, 0x6c, 0x2b, 0x45, 0x72, 0x52,
  0x54, 0x83, 0xc1, 0x13, 0xaf, 0xce, 0x10, 0xe1, 0x5d, 0xaf, 0xda, 0x56, 0x8e, 0x9a, 0x37, 0x4b,
  0x6e, 0x88, 0x98, 0xaa, 0xd4, 0xc3, 0xec, 0xe2, 0xe2, 0x9b, 0x90, 0x1d, 0xbe, 0x25, 0x20, 0x96,
  0x4b, 0x41, 0xb6, 0x74, 0xc4, 0xeb, 0xf3, 0x85, 0x9f, 0x09, 0xed, 0x7e, 0xd2, 0xb4, 0x74, 0xd1,
  0xba, 0x5b, 0x7f, 0x04, 0x51, 0x31, 0x46, 0xbc, 0x10, 0xfb, 0x38, 0xb8, 0xa6, 0xe4, 0x07, 0x6f,
  0x8d, 0x49, 0x25, 0x92, 0xdb, 0x34, 0x1d, 0x11, 0x3a, 0xfc, 0xe1, 0x67, 0xc2, 0x7b, 0x5f, 0xb4,
  0xad, 0x1d, 0x34, 0x6e, 0xfc, 0x25, 0xa8, 0x88, 0x93, 0x70, 0xf0, 0x43, 0xec, 0xe2, 0xe2, 0x9b,
  0x90, 0x1d, 0xbf, 0x41, 0x44, 0x4a, 0x4b, 0x8d, 0x9a, 0x28, 0x89, 0xd7, 0xe3, 0xff, 0x00, 0x3a,
  0x84, 0x38, 0x4f, 0x6b, 0xf6, 0x95, 0xa3, 0xa6, 0x93, 0xaa, 0xb7, 0xa2, 0x6d, 0x0b, 0xe0, 0x4c,
  0x84, 0xc8, 0x4c, 0x84, 0xc8, 0x43, 0xec, 0xe2, 0xe2, 0x66, 0x46, 0xe4, 0x07, 0x6f, 0xd1, 0x32,
  0x23, 0x27, 0x1a, 0xa8, 0x71, 0x3a, 0xfc, 0x86, 0x61, 0x3c, 0x34, 0xd4, 0x8e, 0x56, 0x63, 0x95,
  0x98, 0xe5, 0x66, 0x39, 0x59, 0x8e, 0x56, 0x61, 0xf6, 0x8d, 0x97, 0x30, 0x27, 0x3e, 0x17, 0xdb,
  0x7d, 0xa5, 0x68, 0xe9, 0x4b, 0x19, 0x88, 0x2e, 0xdb, 0x0c, 0x5c, 0x6d, 0x42, 0x39, 0x98, 0x82,
  0x7d, 0xb4, 0x33, 0x6e, 0xd8, 0xb7, 0x6c, 0x5b, 0xb6, 0x2d, 0xdb, 0x16, 0xed, 0x83, 0x89, 0x68,
  0x85, 0xed, 0x81, 0x7b, 0x60, 0x5e, 0xd8, 0x17, 0xb6, 0x42, 0xa2, 0x99, 0xaa, 0xfa, 0x89, 0x6b,
  0xf2, 0x19, 0x1c, 0x1c, 0x6d, 0x6c, 0x28, 0x2f, 0x9e, 0x25, 0xdc, 0xe0, 0x6f, 0x57, 0x0d, 0xed,
  0xfe, 0xd2, 0xb4, 0x7d, 0x13, 0xca, 0x0b, 0xb5, 0xc1, 0x19, 0x1a, 0x3f, 0x68, 0x42, 0xa7, 0x85,
  0xe2, 0xf8, 0x91, 0x09, 0x09, 0x09, 0x79, 0x58, 0x38, 0xda, 0x48, 0x81, 0x1f, 0xcf, 0x13, 0xee,
  0x70, 0x35, 0xaf, 0x87, 0x76, 0xff, 0x00, 0x69, 0x5a, 0x3e, 0x89, 0xe5, 0x05, 0xdb, 0x53, 0x19,
  0x1b, 0x3c, 0x48, 0x5c, 0xf0, 0x3d, 0x97, 0x99, 0x82, 0x8b, 0x54, 0xea, 0xca, 0x82, 0xcf, 0x89,
  0x77, 0x38, 0x1b, 0xd5, 0xc3, 0x7b, 0x7f, 0xb4, 0xad, 0x1f, 0x44, 0xf2, 0x82, 0xed, 0x86, 0x45,
  0x19, 0x1b, 0x5f, 0xa0, 0x85, 0xd2, 0xf6, 0x5e, 0x66, 0x03, 0xba, 0x3c, 0xc1, 0x67, 0xc4, 0xbb,
  0x9c, 0x0d, 0xea, 0xe1, 0xbd, 0xbf, 0xda, 0x56, 0x8f, 0xa2, 0x79, 0x41, 0x76, 0xc6, 0x64, 0x92,
  0x8b, 0x8d, 0x37, 0x4f, 0xa2, 0x85, 0xd0, 0xee, 0x5e, 0x66, 0x03, 0xba, 0x3c, 0xc1, 0x67, 0xc4,
  0x88, 0xef, 0x15, 0x54, 0x2a, 0xa8, 0x55, 0x50, 0xaa, 0xa0, 0xd9, 0x2a, 0xb4, 0x0b, 0x66, 0xdb,
  0x1f, 0x69, 0x5a, 0x3e, 0x89, 0xe5, 0x08, 0xa2, 0x6e, 0x12, 0x2e, 0x31, 0x4f, 0x9f, 0x4e, 0x09,
  0x37, 0x87, 0x22, 0x93, 0x51, 0xcf, 0x32, 0xd3, 0xa6, 0xc2, 0xc9, 0x0b, 0x95, 0x99, 0x8b, 0x33,
  0x0e, 0x43, 0x9a, 0xc5, 0xd0, 0xc5, 0xd0, 0xc5, 0xd0, 0xc5, 0xd0, 0xc1, 0x42, 0x99, 0x1a, 0x0a,
  0xa9, 0x7d, 0xa5, 0x68, 0xfa, 0x32, 0x06, 0xf2, 0xcd, 0xaf, 0xce, 0x9b, 0x4e, 0x29, 0xa5, 0x29,
  0x6b, 0x71, 0x5e, 0xbc, 0xad, 0x1e, 0xfe, 0xbd, 0x1e, 0xfe, 0xad, 0x1e, 0xfe, 0xb4, 0xff, 0x00,
  0x1f, 0xbe, 0xfc, 0xe1, 0x7f, 0xcb, 0xf7, 0xdf, 0x9c, 0xda, 0xf7, 0xf7, 0x36, 0xbd, 0xfd, 0xcd,
  0xaf, 0x7f, 0x73, 0x6b, 0xdf, 0xdc, 0x4f, 0xfc, 0xaa, 0x2a, 0x75, 0x0c, 0x54, 0x31, 0x51, 0x42,
  0xa2, 0x81, 0x91, 0xa7, 0xde, 0x93, 0xf2, 0xa8, 0xd4, 0x92, 0x1d, 0xa5, 0x09, 0x35, 0x9c, 0x43,
  0x29, 0x6e, 0x18, 0xbd, 0xe5, 0x1a, 0xe3, 0xf7, 0xa8, 0x4a, 0x0d, 0xc3, 0x6d, 0xa2, 0x69, 0x31,
  0xbd, 0xb9, 0x65, 0xef, 0x08, 0xd7, 0x1f, 0xbc, 0x1b, 0x6c, 0xdd, 0x53, 0x68, 0x26, 0xd2, 0x23,
  0x7b, 0x72, 0xcb, 0xd2, 0x89, 0x95, 0x28, 0x58, 0x28, 0x58, 0x28, 0x58, 0x28, 0x58, 0x28, 0x58,
  0x28, 0x5d, 0xd4, 0x2e, 0xea, 0x17, 0x75, 0x0b, 0xba, 0xbc, 0x2a, 0x35, 0xc7, 0xef, 0x36, 0xd1,
  0xba, 0xa4, 0x20, 0x9b, 0x2a, 0x23, 0x7b, 0x72, 0xcb, 0xd2, 0x53, 0xa9, 0x3f, 0x05, 0x49, 0xd0,
  0xcb, 0x76, 0xca, 0x26, 0xd0, 0x45, 0x51, 0x02, 0xa2, 0x3c, 0x2a, 0x35, 0xc4, 0xb0, 0xa7, 0x5f,
  0x4b, 0x75, 0x0a, 0x46, 0x24, 0x62, 0x46, 0x22, 0xdb, 0x52, 0x99, 0x28, 0x67, 0x45, 0xd9, 0xd1,
  0x76, 0x74, 0x5d, 0x9d, 0x17, 0x67, 0x45, 0xd9, 0xdf, 0x45, 0x4e, 0xb0, 0x47, 0x49, 0xd1, 0x05,
  0xb9, 0xe1, 0xd3, 0xa9, 0x58, 0x57, 0xa6, 0x62, 0x62, 0x62, 0x62, 0x61, 0xc7, 0x89, 0xb4, 0xb9,
  0xab, 0xd0, 0xd3, 0xaa, 0x82, 0x3a, 0x0e, 0x88, 0x2d, 0xcf, 0x0e, 0x9d, 0x4a, 0xc2, 0xbd, 0x38,
  0x1d, 0x74, 0x9b, 0x49, 0x99, 0xa8, 0xdc, 0xcf, 0xd0, 0xd3, 0xaa, 0x92, 0x3a, 0x60, 0xb7, 0x3c,
  0x3a, 0x75, 0x2b, 0x0a, 0xf4, 0xd2, 0xeb, 0xa4, 0x80, 0x66, 0x66, 0x61, 0xcf, 0x44, 0x4e, 0xac,
  0x50, 0x5b, 0x9e, 0x1d, 0x3a, 0x95, 0x85, 0x7a, 0x44, 0x8e, 0x67, 0x0c, 0x66, 0x9e, 0x5a, 0xa3,
  0x1c, 0xb1, 0x42, 0x22, 0x14, 0xe1, 0x83, 0x9e, 0x88, 0x9d, 0x58, 0xa0, 0xb5, 0xf9, 0x3e, 0x26,
  0x7f, 0x0e, 0x7a, 0x22, 0x75, 0x70, 0xed, 0xff, 0x00, 0x32, 0xeb, 0x49, 0x75, 0x0e, 0xb6, 0x76,
  0x96, 0x66, 0x2c, 0xcc, 0x59, 0x98, 0xb3, 0x31, 0x66, 0x62, 0xcc, 0xc5, 0x99, 0x8b, 0x33, 0x16,
  0x66, 0x2c, 0xcc, 0x59, 0x98, 0xb3, 0x15, 0x0e, 0x59, 0xf9, 0x0b, 0x33, 0x31, 0x66, 0x62, 0xcc,
  0xc5, 0x91, 0x8b, 0x23, 0x16, 0x66, 0x12, 0xd2, 0xab, 0x70, 0xf2, 0x93, 0xfe, 0x65, 0x5a, 0x1d,
  0xd7, 0xd3, 0x4a, 0x4d, 0xc5, 0x5d, 0xd2, 0xcc, 0x27, 0x90, 0x4a, 0xb1, 0x41, 0x91, 0x1b, 0x10,
  0x3b, 0xfe, 0x65, 0x5a, 0x1d, 0xd7, 0xd2, 0x42, 0x14, 0xea, 0x99, 0x65, 0x2c, 0xa6, 0x23, 0xb6,
  0x2f, 0x1e, 0x54, 0x25, 0x58, 0x60, 0xb6, 0x20, 0x7b, 0x8f, 0x32, 0xad, 0x0e, 0xeb, 0xe8, 0xb6,
  0xda, 0x9d, 0x53, 0x4d, 0x13, 0x49, 0x11, 0x1d, 0xb1, 0x78, 0xf2, 0xa5, 0x2a, 0xc1, 0x05, 0xb1,
  0x03, 0xdc, 0x79, 0x95, 0x68, 0x77, 0x5f, 0x41, 0xa6, 0x8d, 0xd5, 0x36, 0xd2, 0x5a, 0x4d, 0x11,
  0x1d, 0xb1, 0x78, 0xf2, 0xc0, 0x95, 0x53, 0x05, 0xb1, 0x03, 0xdc, 0x79, 0x95, 0x68, 0x77, 0x5e,
  0x36, 0x59, 0x53, 0xca, 0x42, 0x12, 0xd2, 0x69, 0x88, 0xed, 0x8b, 0xc5, 0xfe, 0x52, 0x58, 0x52,
  0xa9, 0x51, 0x05, 0xb1, 0x03, 0xdc, 0x79, 0x95, 0x68, 0x77, 0x5e, 0x26, 0x18, 0x37, 0x94, 0x94,
  0x92, 0x13, 0x82, 0x23, 0xb6, 0x2f, 0x1e, 0x58, 0x89, 0x52, 0x10, 0x3f, 0x2c, 0x40, 0xf7, 0x1e,
  0x65, 0x5a, 0x1d, 0xd7, 0x85, 0x88, 0x73, 0x74, 0xc9, 0x24, 0x84, 0xe1, 0x88, 0xed, 0x8b, 0xc4,
  0xb6, 0x8a, 0xe7, 0x77, 0x48, 0xbb, 0xa4, 0x5d, 0x92, 0x2e, 0xc9, 0x17, 0x64, 0x8b, 0xb2, 0x45,
  0xd9, 0x22, 0xec, 0x91, 0x76, 0x48, 0xbb, 0x24, 0x5d, 0x92, 0x2e, 0xc9, 0x10, 0x6d, 0x93, 0x6c,
  0x40, 0xf7, 0x1e, 0x65, 0x5a, 0x1d, 0xd7, 0x82, 0x1e, 0x18, 0xdc, 0x32, 0x22, 0x49, 0x62, 0x88,
  0xed, 0x8b, 0xc4, 0xb0, 0x08, 0xfa, 0x90, 0xfb, 0x30, 0x3d, 0xc7, 0x99, 0x56, 0x87, 0x75, 0xd3,
  0x0d, 0x0a, 0x6b, 0x3f, 0x82, 0x2c, 0x71, 0x1d, 0xb1, 0x78, 0x96, 0x28, 0x25, 0x74, 0xe1, 0xf6,
  0x60, 0x7b, 0x8f, 0x32, 0xad, 0x0e, 0xeb, 0xa2, 0x1a, 0x16, 0x7d, 0x28, 0x8e, 0xd8, 0xbc, 0x4b,
  0x14, 0x92, 0xba, 0x50, 0xfb, 0x30, 0x3d, 0xc7, 0x99, 0x56, 0x87, 0x75, 0x88, 0x68, 0x5e, 0x9c,
  0x4f, 0x6c, 0x5e, 0x25, 0x8c, 0x04, 0x7d, 0x18, 0x7d, 0x98, 0x1e, 0xe3, 0xcc, 0xab, 0x43, 0xbb,
  0x90, 0xd0, 0xb2, 0xea, 0x44, 0x76, 0xc4, 0x7f, 0x63, 0x3f, 0xa2, 0xc9, 0x89, 0x89, 0x89, 0x89,
  0x82, 0x5c, 0x81, 0x63, 0x87, 0xd9, 0x81, 0xee, 0x3c, 0xca, 0xb4, 0x30, 0xda, 0x54, 0xa9, 0xf5,
  0x1c, 0x49, 0xb8, 0xdb, 0xcc, 0x9b, 0x0b, 0xa4, 0xa1, 0x54, 0xa6, 0x3e, 0x93, 0x10, 0xcb, 0x7c,
  0x1f, 0xf2, 0x65, 0x86, 0xec, 0xb3, 0x67, 0xa4, 0xd1, 0x09, 0x09, 0x09, 0x09, 0x09, 0x04, 0x19,
  0xa4, 0xed, 0x08, 0x5a, 0x10, 0xb4, 0x21, 0x68, 0x42, 0xd0, 0x85, 0xa1, 0x06, 0xa2, 0x50, 0x86,
  0xe0, 0x15, 0x38, 0x8f, 0x32, 0xad, 0xb8, 0x7e, 0xaa, 0x75, 0x71, 0x1e, 0xe4, 0x81, 0x88, 0x5e,
  0x1e, 0xa8, 0x84, 0xb8, 0xc5, 0xde, 0x04, 0xb2, 0xfa, 0x30, 0xb1, 0x37, 0x50, 0xbf, 0x95, 0x27,
  0x04, 0x24, 0x19, 0xac, 0xe3, 0x3e, 0x21, 0x8b, 0x21, 0x2e, 0x83, 0x1d, 0x59, 0x0e, 0x1d, 0xdc,
  0x79, 0x95, 0x6d, 0xc3, 0xf5, 0x53, 0xab, 0x88, 0xf7, 0x22, 0x0e, 0x06, 0xb9, 0xe4, 0x51, 0xbd,
  0xa9, 0x7d, 0x49, 0x4a, 0x98, 0x48, 0x39, 0xd1, 0x1b, 0xdb, 0x16, 0x5d, 0x18, 0x7e, 0xb7, 0x0f,
  0xdf, 0xf3, 0x2a, 0xdb, 0x87, 0xea, 0xa7, 0x57, 0x11, 0xee, 0x60, 0xa0, 0x47, 0xe0, 0x8d, 0xed,
  0x4b, 0xea, 0x98, 0x84, 0x83, 0x95, 0x31, 0xbd, 0xb1, 0x65, 0xd1, 0x68, 0xe4, 0x2b, 0x0a, 0xc2,
  0xb0, 0xac, 0x2b, 0x0a, 0xc2, 0xb0, 0xac, 0x2b, 0x0a, 0xc2, 0xb0, 0xac, 0x2b, 0x0e, 0x1a, 0x73,
  0x89, 0xf3, 0x2a, 0xdb, 0x87, 0xea, 0x96, 0x67, 0x08, 0x95, 0x44, 0x53, 0x1b, 0xda, 0x96, 0x5f,
  0x52, 0x0a, 0x46, 0xf9, 0xd3, 0x1b, 0xdb, 0x16, 0x5d, 0x14, 0x89, 0x89, 0x89, 0x89, 0x89, 0x89,
  0x89, 0x89, 0x89, 0x89, 0x89, 0x89, 0x89, 0x8e, 0x15, 0xdd, 0x79, 0x9f, 0xc4, 0xb4, 0x94, 0x0a,
  0xa4, 0x2a, 0x90, 0xaa, 0x42, 0xa9, 0x0a, 0xa4, 0x2a, 0x90, 0xaa, 0x42, 0xa9, 0x0a, 0xa4, 0x2a,
  0x90, 0xaa, 0x42, 0xa9, 0x0a, 0xa5, 0x86, 0x37, 0xb5, 0x2c, 0xba, 0x9f, 0x98, 0xe0, 0xbb, 0x83,
  0xce, 0x88, 0xde, 0xd8, 0xb2, 0xe8, 0x97, 0x5b, 0x84, 0xf7, 0x5e, 0x99, 0x1b, 0xda, 0x16, 0x5d,
  0x3c, 0xce, 0xaa, 0x85, 0x55, 0x09, 0x28, 0x49, 0x42, 0x4a, 0x15, 0x14, 0x2a, 0x28, 0x54, 0x50,
  0x83, 0x49, 0x93, 0xe7, 0x9d, 0x11, 0x93, 0x38, 0x72, 0x4a, 0x84, 0x94, 0x24, 0x62, 0x46, 0x24,
  0xa1, 0x55, 0x58, 0x52, 0x24, 0x24, 0x24, 0x24, 0x24, 0x24, 0x24, 0x24, 0x24, 0x24, 0x24, 0x24,
  0x24, 0x38, 0x57, 0x75, 0xe9, 0x91, 0xbd, 0xa9, 0x65, 0xd3, 0x66, 0x44, 0x7f, 0x06, 0x3e, 0x07,
  0xc0, 0xf8, 0x1f, 0x03, 0xe0, 0x7c, 0x0f, 0x80, 0xc6, 0xe5, 0x2f, 0xed, 0x7c, 0x0f, 0x81, 0xf0,
  0x3e, 0x07, 0xc0, 0x39, 0x11, 0x3a, 0x44, 0x47, 0x4b, 0x64, 0x24, 0x24, 0x24, 0x24, 0x24, 0x24,
  0x24, 0x24, 0x24, 0x24, 0x24, 0x24, 0x24, 0x38, 0x61, 0x7f, 0xe9, 0xf3, 0x3f, 0xc8, 0xfe, 0x47,
  0xf2, 0x3f, 0x91, 0xfc, 0x8f, 0xe4, 0x7f, 0x23, 0xf9, 0x1f, 0xc8, 0xfe, 0x47, 0xf2, 0x3f, 0x91,
  0xfc, 0x8f, 0xe4, 0x7f, 0x23, 0xf9, 0x1f, 0xc8, 0xfe, 0x47, 0xf2, 0x23, 0x65, 0x75, 0x2c, 0xba,
  0x68, 0xc9, 0x0b, 0xaa, 0x33, 0xc6, 0xc6, 0xe5, 0x2f, 0xed, 0x60, 0x33, 0x90, 0x33, 0x98, 0x77,
  0x03, 0x5d, 0x6e, 0x1b, 0xdc, 0x79, 0x9b, 0x47, 0x45, 0xa3, 0xa2, 0xd1, 0xd1, 0x68, 0xe8, 0xb4,
  0x74, 0x5a, 0x3a, 0x2d, 0x1d, 0x16, 0x8e, 0x8b, 0x47, 0x45, 0xa3, 0xa2, 0xd1, 0xd1, 0x68, 0xe8,
  0xb4, 0x74, 0x5a, 0x3a, 0x2d, 0x1d, 0x16, 0x8e, 0x8b, 0x47, 0x45, 0xa3, 0xa2, 0xd1, 0xd1, 0x5d,
  0xc3, 0xea, 0xa3, 0x20, 0x85, 0xd5, 0x19, 0xe2, 0x63, 0x72, 0x97, 0xf6, 0xa9, 0x9c, 0x81, 0x9c,
  0xe8, 0x77, 0x3a, 0x5a, 0xe8, 0xe6, 0x2c, 0x9c, 0x16, 0x4e, 0x0b, 0x27, 0x05, 0x93, 0x83, 0x87,
  0x21, 0x49, 0x88, 0xf5, 0x94, 0x65, 0x42, 0x55, 0x54, 0x11, 0xcf, 0x0b, 0x1b, 0x94, 0xbf, 0xb5,
  0x42, 0x8e, 0x43, 0x3a, 0x5d, 0xce, 0x96, 0xba, 0x2d, 0x2f, 0xff, 0x00, 0x4e, 0x04, 0x67, 0xeb,
  0x28, 0xca, 0x94, 0xaa, 0xa8, 0x23, 0x25, 0x60, 0x63, 0x72, 0x97, 0xf6, 0x81, 0xaa, 0x43, 0x3c,
  0x0e, 0xe7, 0x4b, 0x5d, 0x05, 0xae, 0x62, 0x1f, 0xb9, 0xfc, 0xa5, 0xbd, 0x5e, 0xa4, 0xc3, 0x26,
  0xf2, 0xae, 0x89, 0x21, 0x76, 0x48, 0xbb, 0x10, 0xbb, 0x10, 0xbb, 0x10, 0xba, 0xa4, 0x26, 0x18,
  0xa5, 0x77, 0x21, 0x77, 0x21, 0x77, 0x21, 0x77, 0x20, 0x96, 0x49, 0x27, 0x4b, 0x1b, 0x94, 0xbf,
  0xb6, 0x6a, 0x96, 0x27, 0x73, 0xa5, 0xac, 0x6b, 0x5c, 0xe8, 0x87, 0xee, 0x7f, 0x29, 0x6f, 0x57,
  0xa9, 0x40, 0xc4, 0x26, 0x1d, 0x44, 0xea, 0x5d, 0x56, 0x12, 0xe8, 0xa1, 0x64, 0xda, 0xaf, 0xad,
  0x8b, 0xe3, 0x62, 0xf8, 0xd8, 0x7a, 0x29, 0x0b, 0x6f, 0x13, 0xb9, 0xd2, 0xd6, 0x1c, 0x82, 0xd7,
  0x3a, 0x61, 0xfb, 0x9f, 0xca, 0x5b, 0xd5, 0xea, 0x50, 0xb0, 0xd7, 0xb5, 0x27, 0x84, 0x9a, 0x0d,
  0x50, 0x75, 0x51, 0xf3, 0x80, 0xba, 0x2e, 0x28, 0x4b, 0xa4, 0xee, 0x74, 0xb5, 0x83, 0x20, 0xa5,
  0xd6, 0xc1, 0x0f, 0xdc, 0xfe, 0x52, 0xde, 0xaf, 0x52, 0xe1, 0xce, 0xa1, 0x97, 0x2f, 0xd0, 0xe2,
  0xfd, 0x0e, 0x1f, 0x88, 0x69, 0x4e, 0xdb, 0x20, 0x5b, 0x20, 0x5b, 0x20, 0x2e, 0x21, 0x24, 0x84,
  0xc4, 0x2c, 0xca, 0xdd, 0x42, 0xdd, 0x42, 0xdd, 0x42, 0xdd, 0x42, 0xd9, 0x42, 0xd9, 0x42, 0xd9,
  0x42, 0x75, 0xba, 0x6e, 0xe7, 0x4b, 0x54, 0x99, 0xc8, 0x29, 0x55, 0xb0, 0xc3, 0xf7, 0x3f, 0x94,
  0xb7, 0xab, 0xd4, 0xe4, 0x24, 0x42, 0x58, 0x53, 0xa7, 0x19, 0x74, 0xdd, 0xce, 0x96, 0xa8, 0x33,
  0xaa, 0x4a, 0x55, 0x6c, 0x50, 0xfd, 0xcf, 0xe5, 0x2d, 0xea, 0xf3, 0x33, 0x21, 0x32, 0x13, 0x21,
  0x32, 0x13, 0x21, 0x32, 0x13, 0x21, 0x32, 0x13, 0x21, 0x32, 0x13, 0x21, 0x32, 0x13, 0x21, 0x32,
  0x13, 0x21, 0x32, 0x13, 0x21, 0x32, 0x13, 0x21, 0x3e, 0xb2, 0x74, 0xfd, 0x27, 0x73, 0xa5, 0x90,
  0x6a, 0xaa, 0x0d, 0x55, 0x8f, 0x14, 0x3f, 0x73, 0xf9, 0x4b, 0x7a, 0xbc, 0xcf, 0x2e, 0x60, 0x72,
  0xe6, 0x07, 0x2e, 0x60, 0x72, 0xe6, 0x07, 0x2e, 0x60, 0x72, 0xe6, 0x07, 0x2e, 0x60, 0x72, 0xe6,
  0x07, 0x2e, 0x60, 0x72, 0xe6, 0x07, 0x2e, 0x60, 0x72, 0xe6, 0x07, 0x2e, 0x60, 0x72, 0xe6, 0x07,
  0x2e, 0x60, 0x72, 0xe6, 0x07, 0x2e, 0x60, 0x72, 0xe6, 0x07, 0x2e, 0x60, 0x45, 0x41, 0x32, 0xd3,
  0x05, 0xd5, 0x4e, 0x9e, 0x84, 0xe4, 0x2b, 0x90, 0xae, 0x42, 0xb9, 0x0a, 0xe4, 0x2b, 0x90, 0xae,
  0x42, 0xb9, 0x0a, 0xe4, 0x2b, 0x90, 0x70, 0xe7, 0x81, 0x0a, 0xaa, 0x46, 0x75, 0x8f, 0x1c, 0x3f,
  0x73, 0xf9, 0x4b, 0x7a, 0xbd, 0x32, 0x37, 0xb4, 0x2c, 0xba, 0x89, 0xd3, 0xd0, 0x5f, 0x48, 0xfa,
  0xb0, 0xfd, 0xcf, 0xe5, 0x2d, 0xea, 0xf4, 0xc8, 0xde, 0xd4, 0xb2, 0xea, 0x27, 0x4f, 0x41, 0x59,
  0x74, 0x4f, 0xab, 0x0f, 0xdc, 0xfe, 0x52, 0xde, 0xaf, 0x4c, 0x8d, 0xed, 0x4b, 0x2e, 0xa2, 0x74,
  0xf4, 0x0c, 0x48, 0x48, 0x48, 0x48, 0x48, 0x48, 0x48, 0x48, 0x48, 0x2b, 0xab, 0x0f, 0xdc, 0xfe,
  0x52, 0xde, 0xaf, 0x33, 0x6e, 0xc8, 0xb7, 0x64, 0x5b, 0xb2, 0x2d, 0xd9, 0x16, 0xec, 0x8b, 0x76,
  0x45, 0xbb, 0x22, 0xdd, 0x91, 0x6e, 0xc8, 0xb7, 0x64, 0x5b, 0xb2, 0x2d, 0xd9, 0x16, 0xec, 0x8b,
  0x76, 0x45, 0xbb, 0x22, 0xdd, 0x91, 0x6e, 0xc8, 0xb7, 0x64, 0x5b, 0xb2, 0x23, 0x1d, 0x6d, 0x50,
  0xc5, 0x97, 0x51, 0x3a, 0x7a, 0x05, 0xd2, 0x77, 0xaa, 0xc7, 0x73, 0xf9, 0x4b, 0x7a, 0xbd, 0x69,
  0x3a, 0x7a, 0x05, 0xd2, 0x77, 0xab, 0x0f, 0xdc, 0x60, 0x6f, 0x57, 0x99, 0xba, 0x98, 0xba, 0x98,
  0xba, 0x98, 0xba, 0x98, 0xba, 0x98, 0xba, 0x98, 0xba, 0x98, 0xba, 0x98, 0xba, 0x98, 0xba, 0x98,
  0xba, 0x98, 0xba, 0x98, 0xba, 0x98, 0xba, 0x98, 0xba, 0x98, 0xba, 0x98, 0xba, 0x98, 0xba, 0x98,
  0xba, 0x98, 0xba, 0x98, 0xbb, 0x18, 0xbb, 0x18, 0xbb, 0x18, 0xbb, 0x18, 0xbb, 0x18, 0xbb, 0x18,
  0xbb, 0x18, 0xbb, 0x18, 0xbb, 0x18, 0xbb, 0x18, 0xbb, 0x18, 0xba, 0x98, 0xbb, 0x18, 0x44, 0x39,
  0xd5, 0xb0, 0x16, 0x02, 0xc0, 0x58, 0x0b, 0x01, 0x60, 0x2c, 0x05, 0x80, 0x28, 0x71, 0x77, 0x17,
  0x71, 0x77, 0x17, 0x71, 0x77, 0x17, 0x71, 0x77, 0x17, 0x71, 0x77, 0x0e, 0xc3, 0x18, 0xbb, 0x18,
  0xbb, 0x18, 0xbb, 0x18, 0xbb, 0x18, 0xbb, 0x18, 0xbb, 0x18, 0xbb, 0x18, 0xbb, 0x18, 0xbb, 0x18,
  0xbb, 0x18, 0xbb, 0x18, 0xbb, 0x98, 0x62, 0x1c, 0xc9, 0xf9, 0x09, 0x09, 0x09, 0x06, 0xf3, 0xf1,
  0xbf, 0xff, 0xc4, 0x00, 0x34, 0x10, 0x00, 0x01, 0x02, 0x03, 0x05, 0x05, 0x07, 0x04, 0x03, 0x01,
  0x01, 0x01, 0x00, 0x00, 0x00, 0x00, 0x00, 0x01, 0x31, 0x02, 0x11, 0x32, 0x21, 0x30, 0x40, 0x50,
  0x60, 0x12, 0x20, 0x33, 0x82, 0x91, 0x03, 0x10, 0x41, 0x61, 0x71, 0x72, 0x92, 0x13, 0x22, 0x42,
  0xa2, 0x51, 0x70, 0xa1, 0x62, 0xd1, 0x52, 0xff, 0xda, 0x00, 0x08, 0x01, 0x01, 0x00, 0x06, 0x3f,
  0x02, 0xcf, 0xe1, 0xf4, 0xee, 0xb2, 0x1f, 0xb4, 0x61, 0x86, 0x18, 0xa4, 0xa4, 0xa4, 0xa4, 0xa4,
  0xa4, 0xa4, 0xa4, 0xa4, 0xa4, 0xa4, 0xa4, 0xa4, 0xa4, 0xa4, 0xa4, 0xa4, 0xa4, 0xa4, 0xa4, 0xa4,
  0xa4, 0xa4, 0xa4, 0xa4, 0xa4, 0xa4, 0xa4, 0xa4, 0xa4, 0xa4, 0xa4, 0xa4, 0xa4, 0xa4, 0xa4, 0xa4,
  0xa4, 0xa4, 0xa4, 0xa4, 0xa4, 0xa4, 0xa4, 0xa4, 0xa4, 0xa4, 0xa4, 0xa4, 0x4f, 0xb4, 0x61, 0x86,
  0x18, 0x63, 0xee, 0x4d, 0x05, 0x0f, 0xa7, 0x76, 0xcc, 0x4c, 0x6d, 0x43, 0x4e, 0x6a, 0x9b, 0x92,
  0x27, 0x13, 0xe8, 0x38, 0x7d, 0x3b, 0xe5, 0x15, 0xa6, 0xdc, 0x36, 0xa6, 0x68, 0x9d, 0xf6, 0x13,
  0x5d, 0x09, 0x0f, 0xa6, 0xe4, 0x94, 0xdb, 0xec, 0xf3, 0x34, 0xee, 0x92, 0x13, 0xf1, 0xd0, 0xb0,
  0xfa, 0x6e, 0xcb, 0xc0, 0xdb, 0xec, 0xdb, 0x32, 0x41, 0x11, 0x0b, 0x5f, 0x43, 0x27, 0xa1, 0x51,
  0x51, 0x51, 0x51, 0x59, 0x51, 0xf6, 0xe6, 0x56, 0xa9, 0x59, 0x51, 0x51, 0x51, 0x51, 0x59, 0x64,
  0x5a, 0x03, 0x94, 0x5b, 0x47, 0x1c, 0x71, 0xc7, 0x27, 0xbb, 0x2c, 0xb9, 0xc7, 0x1c, 0x71, 0xc7,
  0xd0, 0x3c, 0xa2, 0xde, 0x4d, 0x0b, 0x75, 0x97, 0x28, 0xb7, 0xb3, 0xf1, 0x24, 0xba, 0xc7, 0x94,
  0x5b, 0xef, 0x32, 0x7a, 0xc3, 0x94, 0x5b, 0xfb, 0x4d, 0xa8, 0x75, 0x7f, 0x28, 0xb8, 0x1d, 0xa8,
  0x35, 0x77, 0x28, 0xb7, 0x95, 0x15, 0x15, 0x15, 0x15, 0x12, 0xda, 0x3e, 0xdd, 0x5b, 0xca, 0x2d,
  0xe5, 0x45, 0x45, 0x45, 0x45, 0x45, 0x45, 0xba, 0xb7, 0x94, 0x5d, 0x7f, 0xca, 0x2e, 0xbf, 0xe5,
  0x17, 0x5f, 0xf2, 0x8b, 0xaf, 0xf9, 0x45, 0xd7, 0xfc, 0xa2, 0xeb, 0xfe, 0x51, 0x75, 0xff, 0x00,
  0x28, 0xba, 0xff, 0x00, 0x94, 0x5d, 0x7f, 0xca, 0x2e, 0xbf, 0xe5, 0x17, 0x5f, 0xf2, 0x8b, 0xaf,
  0xf9, 0x45, 0xd7, 0xf2, 0xff, 0x00, 0x91, 0x75, 0xff, 0x00, 0x28, 0xba, 0xff, 0x00, 0x94, 0x5d,
  0x7f, 0xca, 0x2e, 0xbf, 0xe5, 0x17, 0x37, 0x61, 0x86, 0x18, 0x61, 0x86, 0x18, 0x6d, 0x01, 0xca,
  0x2e, 0x3e, 0xcd, 0x41, 0xca, 0x2e, 0xbf, 0xe5, 0x17, 0x5f, 0xf2, 0x8b, 0x98, 0xed, 0xf8, 0x68,
  0xee, 0x51, 0x73, 0x1b, 0x4b, 0x2c, 0x2c, 0xb4, 0xb7, 0x45, 0xf2, 0x8b, 0x9a, 0x4d, 0x4f, 0xb5,
  0x89, 0x2e, 0x89, 0xe5, 0x17, 0x1f, 0xf5, 0x7c, 0x30, 0xed, 0x68, 0xab, 0xe0, 0x36, 0x87, 0xe5,
  0x17, 0x1f, 0xf4, 0xf5, 0x07, 0x28, 0xb9, 0xd7, 0x96, 0x85, 0xe5, 0x17, 0x5f, 0xf2, 0x8b, 0x9e,
  0x59, 0xa0, 0xf9, 0x45, 0xc4, 0x22, 0x08, 0xab, 0xe3, 0xdf, 0xc1, 0x8f, 0xe2, 0x70, 0x63, 0xf8,
  0x9c, 0x18, 0xfe, 0x27, 0x06, 0x3f, 0x89, 0xc1, 0x8f, 0xe2, 0x70, 0x63, 0xf8, 0x9c, 0x18, 0xfe,
  0x27, 0x06, 0x3f, 0x89, 0xc1, 0x8f, 0xe2, 0x70, 0x63, 0xf8, 0x9c, 0x18, 0xfe, 0x27, 0x06, 0x3f,
  0x89, 0xc1, 0x8f, 0xe2, 0x70, 0x63, 0xf8, 0x9c, 0x18, 0xfe, 0x27, 0x06, 0x3f, 0x89, 0xc1, 0x8f,
  0xe2, 0x70, 0x63, 0xf8, 0x9c, 0x18, 0xfe, 0x27, 0x07, 0xb4, 0xf8, 0x92, 0xfa, 0x51, 0xa7, 0x29,
  0xb3, 0x25, 0x29, 0x5e, 0x85, 0x2b, 0xd0, 0xa5, 0x7a, 0x14, 0xaf, 0x42, 0x95, 0xe8, 0x52, 0xbd,
  0x0a, 0x57, 0xa1, 0x4a, 0xf4, 0x29, 0x5e, 0x85, 0x2b, 0xd0, 0xa5, 0x7a, 0x1f, 0x6f, 0x67, 0x17,
  0x43, 0x87, 0x1f, 0x43, 0x87, 0x17, 0x42, 0xd9, 0x92, 0x94, 0x4b, 0xe8, 0x53, 0xda, 0x74, 0x29,
  0xed, 0x3a, 0x14, 0xf6, 0x9d, 0x0a, 0x7b, 0x4e, 0x85, 0x31, 0x8d, 0x10, 0xd1, 0x0d, 0x10, 0xd1,
  0x0d, 0x10, 0xd1, 0x0d, 0x10, 0xd1, 0x0d, 0x10, 0xd1, 0x0d, 0x10, 0xd1, 0x0d, 0x10, 0xd1, 0x0d,
  0x10, 0xd1, 0x0d, 0x10, 0xd1, 0x0d, 0x10, 0xd1, 0x0d, 0x10, 0xd1, 0x13, 0xba, 0xd9, 0x8e, 0x18,
  0xd7, 0xd0, 0xa3, 0xb4, 0xe8, 0x85, 0x1d, 0xa7, 0x44, 0x12, 0x29, 0x29, 0xe2, 0x78, 0x9e, 0x25,
  0x25, 0x25, 0x3f, 0xe9, 0x47, 0xfa, 0x51, 0xfe, 0x9c, 0x3f, 0xf4, 0xe1, 0x7e, 0xc7, 0x0b, 0xf6,
  0x38, 0x5f, 0xb1, 0xc2, 0xfd, 0x8e, 0x17, 0xec, 0x70, 0xbf, 0x63, 0x83, 0xfb, 0x1c, 0x1f, 0xd8,
  0xe0, 0xfe, 0xc7, 0x07, 0xf6, 0x38, 0x3f, 0xb0, 0xb3, 0x87, 0x66, 0xc1, 0x71, 0x08, 0xa4, 0x30,
  0x49, 0xb2, 0x75, 0xd9, 0x17, 0x17, 0x28, 0x89, 0x5d, 0x27, 0x72, 0x10, 0xdc, 0xf9, 0x92, 0x5d,
  0x18, 0xa2, 0xe2, 0xac, 0x27, 0x2b, 0x6e, 0xd3, 0xb9, 0x08, 0x6e, 0xbc, 0xc9, 0x2e, 0x8b, 0x51,
  0x71, 0x5b, 0x52, 0xfb, 0x4b, 0x2e, 0xd3, 0xb9, 0x08, 0x6e, 0xe4, 0x79, 0x68, 0xa5, 0x17, 0x13,
  0xb2, 0x86, 0xcc, 0x57, 0x89, 0xdc, 0x84, 0x37, 0x92, 0x5d, 0x14, 0xa2, 0xe2, 0x7e, 0xa4, 0xda,
  0xf5, 0x3b, 0x90, 0x86, 0xf6, 0x4b, 0xa2, 0x54, 0x5b, 0xbf, 0xbe, 0xfa, 0x49, 0x7a, 0x9d, 0xc8,
  0x43, 0x7d, 0x25, 0x24, 0x9a, 0x1d, 0x45, 0xba, 0xda, 0x89, 0xb1, 0x89, 0xdf, 0xb3, 0x12, 0x8f,
  0xba, 0xe3, 0x8e, 0x38, 0xe3, 0x8e, 0x38, 0xe5, 0xba, 0x1d, 0x45, 0xb9, 0xdb, 0x8b, 0x1a, 0x9b,
  0x9b, 0x2a, 0x59, 0xa5, 0x14, 0x5d, 0xf9, 0x1b, 0x51, 0xbe, 0x39, 0x37, 0x64, 0xac, 0x4d, 0x34,
  0x9a, 0x8b, 0xbd, 0x61, 0x38, 0xb1, 0xe9, 0xbd, 0x6b, 0x13, 0x4c, 0xb7, 0x69, 0x72, 0x55, 0x17,
  0x76, 0xc3, 0x6b, 0xc7, 0x20, 0x4b, 0x89, 0xc3, 0x95, 0xed, 0x45, 0x93, 0x2e, 0xf5, 0xbb, 0xd2,
  0x27, 0x8a, 0x4b, 0x8b, 0x18, 0x9a, 0x65, 0x33, 0x8b, 0xbf, 0x89, 0x07, 0x53, 0x89, 0x07, 0x53,
  0x89, 0x07, 0x53, 0x89, 0x07, 0x53, 0x89, 0x07, 0x53, 0x89, 0x07, 0x53, 0x89, 0x07, 0x53, 0x89,
  0x07, 0x53, 0x89, 0x0f, 0x52, 0xc5, 0x9e, 0x2d, 0x6f, 0x21, 0x21, 0xdd, 0xd8, 0x84, 0xb7, 0x7d,
  0x3b, 0x35, 0x65, 0x27, 0x0a, 0xcf, 0x7a, 0xd5, 0x2a, 0x2a, 0x2a, 0x2a, 0x17, 0xee, 0x2d, 0xb9,
  0x96, 0x51, 0x32, 0x52, 0x18, 0x61, 0x86, 0x18, 0x61, 0x86, 0x18, 0x61, 0x85, 0x5f, 0xfa, 0xc5,
  0xad, 0xe4, 0x24, 0x3b, 0x9b, 0x3d, 0x9e, 0x06, 0xd1, 0xc7, 0x1c, 0x7c, 0xfe, 0x2f, 0x7e, 0x2d,
  0x6f, 0x21, 0x21, 0xef, 0xd9, 0x83, 0x05, 0x6e, 0x83, 0x8b, 0xdf, 0xff, 0x00, 0x98, 0xb5, 0xbc,
  0x84, 0x84, 0x9a, 0xb1, 0xb1, 0x0b, 0x61, 0x24, 0xa7, 0x96, 0x81, 0x8b, 0xdf, 0x8b, 0x5b, 0xc8,
  0x44, 0x55, 0x36, 0x61, 0xa7, 0x0d, 0x25, 0x3c, 0xb4, 0x04, 0x5e, 0xff, 0x00, 0xfc, 0xc5, 0xad,
  0xe2, 0x28, 0x88, 0x8b, 0x24, 0xbd, 0xb1, 0x67, 0x77, 0x6e, 0x66, 0x88, 0x22, 0xcc, 0xa8, 0xa8,
  0xa8, 0xa8, 0xa8, 0xd9, 0xde, 0x8b, 0xdf, 0x8b, 0x5c, 0x4e, 0xc7, 0x66, 0x29, 0xb2, 0xab, 0x68,
  0xe3, 0x8e, 0x38, 0xe5, 0xaa, 0x54, 0x38, 0xe3, 0x8e, 0x59, 0x98, 0xcc, 0xd8, 0xed, 0x2c, 0xfe,
  0x2f, 0x22, 0xf7, 0x62, 0xd7, 0x11, 0xf4, 0xfb, 0x37, 0x27, 0xe3, 0xa0, 0x27, 0xe2, 0x6c, 0x76,
  0x8f, 0x77, 0x17, 0xbb, 0x16, 0xb8, 0x69, 0xab, 0x1f, 0x4e, 0x0e, 0xa5, 0xaf, 0xbb, 0x25, 0xcf,
  0xbe, 0x92, 0xdb, 0x75, 0x17, 0xbb, 0x16, 0xb8, 0x59, 0xab, 0x1b, 0x1d, 0x9d, 0x37, 0x12, 0x5d,
  0x0f, 0x17, 0xbb, 0x16, 0xb8, 0x49, 0xaa, 0xc8, 0xd9, 0x82, 0xc4, 0xba, 0x92, 0xe8, 0x0b, 0x10,
  0xa4, 0xa4, 0xa4, 0xa4, 0xa4, 0xb7, 0xc5, 0x67, 0x8b, 0x5c, 0x1c, 0xe3, 0xb1, 0x0d, 0x94, 0xa6,
  0xf3, 0x61, 0x45, 0x87, 0xf8, 0xce, 0xb6, 0xd0, 0xfb, 0xe5, 0x3f, 0x2e, 0xff, 0x00, 0xc4, 0xfc,
  0x4f, 0xc4, 0xfc, 0x4f, 0xc4, 0xfc, 0x49, 0x62, 0xd7, 0x05, 0x61, 0xf4, 0xd5, 0xaf, 0x76, 0xa0,
  0x72, 0x71, 0x69, 0xf5, 0xfe, 0x80, 0x5f, 0xe8, 0x05, 0xfe, 0x80, 0x5f, 0xe8, 0x05, 0xfe, 0x80,
  0x51, 0x75, 0xfa, 0x8b, 0xaf, 0xd4, 0x5d, 0x7e, 0xa2, 0xeb, 0xf5, 0x17, 0x76, 0xdd, 0x75, 0x25,
  0x3e, 0xdd, 0xc9, 0x21, 0x6b, 0xeb, 0xa4, 0xdc, 0xb3, 0x5e, 0x27, 0x7d, 0x85, 0x9a, 0xf1, 0x3b,
  0xbc, 0x89, 0x26, 0x95, 0x91, 0x29, 0x0c, 0x36, 0x4a, 0x82, 0x7f, 0xf2, 0x49, 0x37, 0x24, 0x83,
  0x0c, 0x30, 0xc3, 0x0d, 0xfd, 0x01, 0x25, 0xf1, 0xd7, 0xf6, 0x39, 0x35, 0xd7, 0xd2, 0x47, 0x26,
  0xba, 0xf5, 0x8b, 0x14, 0xb6, 0x22, 0xa2, 0xd5, 0xd0, 0xa9, 0x9d, 0xa6, 0x86, 0x5f, 0x66, 0x74,
  0xbb, 0x42, 0xde, 0xcf, 0x38, 0x5f, 0x6e, 0x74, 0xa2, 0xde, 0x4a, 0x11, 0x67, 0x6a, 0xe6, 0x32,
  0xde, 0x8a, 0x68, 0x45, 0xe9, 0x9d, 0x28, 0xb7, 0x72, 0x84, 0xf3, 0x22, 0x17, 0x31, 0xb7, 0x76,
  0x22, 0x2f, 0x4c, 0xe9, 0x45, 0xba, 0x92, 0x1e, 0x7d, 0xd1, 0x0b, 0x9b, 0x44, 0x45, 0xe9, 0x9d,
  0x28, 0xb7, 0x3e, 0x44, 0x93, 0xbe, 0x21, 0x73, 0x68, 0x88, 0xbd, 0x33, 0xa5, 0x16, 0xe3, 0xc8,
  0x94, 0x3b, 0x91, 0x0b, 0x9b, 0x44, 0x45, 0xe9, 0x9d, 0x28, 0xbb, 0xff, 0x00, 0xc2, 0x12, 0x87,
  0x76, 0x21, 0x73, 0x68, 0x88, 0xbd, 0x33, 0xa5, 0x17, 0x7a, 0x6b, 0x49, 0xb2, 0x9b, 0xd1, 0x0b,
  0x9b, 0x45, 0x22, 0x2f, 0x4c, 0xe9, 0x45, 0xdd, 0xda, 0x5a, 0x49, 0x42, 0xdb, 0xf1, 0x0b, 0x9b,
  0x44, 0x45, 0xe9, 0x9d, 0x28, 0xbb, 0x9b, 0x51, 0x16, 0x5c, 0x44, 0x2e, 0x6d, 0x11, 0x17, 0xa6,
  0x74, 0xa2, 0xf7, 0xed, 0x76, 0x8c, 0x4a, 0xe6, 0x21, 0x73, 0x68, 0x88, 0xbd, 0x33, 0xa5, 0x17,
  0xbb, 0x6e, 0x33, 0xca, 0xea, 0x21, 0x73, 0x68, 0x88, 0xbd, 0x33, 0xa5, 0x15, 0x11, 0xcd, 0xb8,
  0xde, 0xf2, 0x21, 0x73, 0x68, 0x88, 0xbd, 0x33, 0xa5, 0x16, 0x25, 0x7b, 0xd5, 0x81, 0x0d, 0x98,
  0x9f, 0x73, 0xea, 0x23, 0x60, 0xd6, 0x5e, 0x02, 0xc3, 0xfc, 0x6f, 0x7d, 0x4c, 0x42, 0xc2, 0xa4,
  0x5e, 0xdc, 0xe9, 0x48, 0xb0, 0x2a, 0xb1, 0x7d, 0xa2, 0xc1, 0x3c, 0x1c, 0x5e, 0x62, 0xc5, 0xfc,
  0xee, 0xed, 0xc6, 0x7d, 0xb6, 0x62, 0x62, 0xf6, 0xe7, 0x4a, 0x45, 0x80, 0xdb, 0xed, 0x5b, 0xc0,
  0x92, 0x0b, 0x88, 0xdb, 0xed, 0x31, 0x71, 0x7b, 0x73, 0xa5, 0x22, 0xbf, 0xfa, 0x9d, 0xa3, 0x7f,
  0x04, 0x91, 0xbb, 0x97, 0x0d, 0x61, 0xb7, 0xda, 0x12, 0xf0, 0xc5, 0xc5, 0xed, 0xce, 0xa2, 0x22,
  0xbe, 0xfa, 0xcb, 0xd0, 0xb3, 0xbd, 0x70, 0xd6, 0xe3, 0x62, 0xf6, 0x67, 0x52, 0x2c, 0xc1, 0x2e,
  0x67, 0x17, 0xb3, 0x46, 0xad, 0xf3, 0x0c, 0x30, 0xc3, 0x0c, 0x30, 0xc3, 0x6e, 0xb0, 0xc3, 0x0c,
  0x30, 0xd8, 0x38, 0xbd, 0x9a, 0x35, 0x6f, 0x66, 0xa3, 0x0c, 0x30, 0xc3, 0x0c, 0x30, 0xdb, 0xcc,
  0x30, 0xc3, 0x0d, 0xdd, 0x66, 0x0a, 0x2f, 0x66, 0x75, 0x52, 0x15, 0x21, 0x52, 0x15, 0x21, 0x52,
  0x15, 0x21, 0x52, 0x15, 0x21, 0x52, 0x15, 0x21, 0x52, 0x15, 0x21, 0x52, 0x15, 0x21, 0x52, 0x15,
  0x21, 0x52, 0x15, 0x21, 0x52, 0x0b, 0x6a, 0x5f, 0x5b, 0x92, 0xc5, 0xed, 0xce, 0xab, 0x52, 0xb5,
  0x2b, 0x52, 0xb5, 0x2b, 0x52, 0xb5, 0x2b, 0x52, 0xb5, 0x2b, 0x52, 0xb5, 0x2b, 0x52, 0xb5, 0x2b,
  0x52, 0xb5, 0x2b, 0x52, 0xb5, 0x2b, 0x52, 0xb5, 0x2b, 0x52, 0xd8, 0xb2, 0xfa, 0x4a, 0x4a, 0x4a,
  0x48, 0xb6, 0x93, 0xf1, 0xd7, 0x70, 0xa2, 0x09, 0x60, 0xc3, 0x0d, 0xae, 0xe4, 0x84, 0x22, 0x69,
  0x87, 0x1f, 0x71, 0xc7, 0xdd, 0x7c, 0x54, 0xbb, 0xa1, 0x13, 0x4b, 0xae, 0xd8, 0xaa, 0x97, 0xfb,
  0x4b, 0xb9, 0x28, 0x5f, 0x03, 0xe5, 0xdf, 0x08, 0x9a, 0x5f, 0x66, 0x65, 0x91, 0x93, 0x99, 0x6d,
  0xee, 0xce, 0x22, 0x11, 0x34, 0xba, 0xac, 0x63, 0x8e, 0x4e, 0x1d, 0xcf, 0xb5, 0xee, 0x67, 0x88,
  0x84, 0x4d, 0x7f, 0x08, 0x9a, 0xfe, 0x11, 0x34, 0x8a, 0xc5, 0x0b, 0xe5, 0xd0, 0x89, 0xa4, 0x57,
  0x2e, 0x84, 0x4d, 0x22, 0xb9, 0x74, 0x22, 0x69, 0x15, 0xcb, 0xa1, 0x13, 0x3e, 0xac, 0xac, 0xac,
  0xac, 0xac, 0xac, 0xac, 0xac, 0xac, 0xac, 0xac, 0xac, 0xac, 0xac, 0xac, 0xac, 0xac, 0xac, 0xac,
  0x54, 0x48, 0xb2, 0xe8, 0x44, 0xcf, 0x9d, 0x47, 0x51, 0xd4, 0x75, 0x1d, 0x47, 0x51, 0xd4, 0x75,
  0x1d, 0x47, 0x51, 0xd4, 0x75, 0x1d, 0x47, 0x51, 0xd4, 0x75, 0x1d, 0x47, 0x51, 0xd4, 0x75, 0xcb,
  0xa1, 0x13, 0x3e, 0x71, 0xc7, 0x1c, 0x71, 0xc7, 0x1c, 0x71, 0xc7, 0x1c, 0x71, 0xc7, 0x1c, 0x71,
  0xc7, 0x1c, 0x71, 0xc7, 0x1c, 0x71, 0xc7, 0x1c, 0x71, 0xc7, 0x1c, 0x71, 0xc7, 0x1c, 0x71, 0xc7,
  0x1c, 0x71, 0xee, 0xdc, 0x71, 0xc7, 0x1c, 0x71, 0xc7, 0x1c, 0x71, 0xc7, 0x1c, 0x45, 0x98, 0x99,
  0x97, 0xff, 0xc4, 0x00, 0x2b, 0x10, 0x00, 0x02, 0x01, 0x01, 0x05, 0x07, 0x05, 0x01, 0x01, 0x01,
  0x00, 0x00, 0x00, 0x00, 0x00, 0x00, 0x00, 0x01, 0x11, 0x31, 0x10, 0x20, 0x21, 0x41, 0x61, 0x30,
  0x50, 0x51, 0x60, 0x71, 0xa1, 0xb1, 0x40, 0xd1, 0xe1, 0xf0, 0xf1, 0x81, 0x91, 0xc1, 0xff, 0xda,
  0x00, 0x08, 0x01, 0x01, 0x00, 0x01, 0x3f, 0x21, 0xdf, 0xfd, 0xb7, 0xcb, 0x31, 0xa1, 0x31, 0x93,
  0x88, 0x4e, 0xa5, 0xcb, 0x6d, 0xa1, 0x2b, 0x78, 0xbf, 0xff, 0x00, 0xff, 0x00, 0xff, 0x00, 0xff,
  0x00, 0xff, 0x00, 0xff, 0x00, 0xff, 0x00, 0xff, 0x00, 0xff, 0x00, 0xff, 0x00, 0xff, 0x00, 0xff,
  0x00, 0xff, 0x00, 0xff, 0x00, 0xff, 0x00, 0xff, 0x00, 0xff, 0x00, 0xd1, 0x83, 0x01, 0x70, 0x00,
  0x95, 0xc2, 0xc4, 0x4d, 0x20, 0x76, 0x2e, 0x40, 0xed, 0xbe, 0x59, 0x46, 0xce, 0x08, 0x7c, 0x56,
  0x2a, 0xd7, 0x4d, 0xe5, 0xb2, 0x5b, 0x8b, 0x70, 0xab, 0x14, 0x9f, 0xcd, 0x6a, 0xe4, 0x0e, 0xdb,
  0xe5, 0x94, 0x6c, 0x46, 0x11, 0x01, 0xe9, 0x32, 0x64, 0x4f, 0xfb, 0x63, 0xa6, 0xf2, 0xd9, 0x2c,
  0x49, 0xb4, 0x24, 0x8a, 0xa9, 0xb7, 0x71, 0x72, 0x07, 0x6d, 0xf2, 0xca, 0x36, 0xe0, 0xc4, 0x4a,
  0x63, 0x59, 0xe2, 0xac, 0xc4, 0xe7, 0xf8, 0x3a, 0x6f, 0x2d, 0x90, 0xcc, 0x09, 0x22, 0xdd, 0xae,
  0x40, 0xed, 0xbe, 0x59, 0x46, 0xe3, 0xc6, 0x4a, 0xaa, 0x41, 0x2a, 0x8c, 0xc8, 0xea, 0xa0, 0x8c,
  0x6f, 0x41, 0x3b, 0xa1, 0x58, 0x22, 0x55, 0x49, 0x48, 0xd6, 0xea, 0xe4, 0x0c, 0x0d, 0xcb, 0xde,
  0xc4, 0x94, 0x4d, 0x64, 0xd1, 0x9a, 0x33, 0x46, 0x69, 0x05, 0x84, 0x6a, 0xd7, 0x01, 0x98, 0xcb,
  0x7a, 0x50, 0x99, 0x81, 0x24, 0x93, 0x62, 0xdc, 0x69, 0x10, 0x48, 0xdb, 0x14, 0xc1, 0x4d, 0x93,
  0x46, 0x68, 0xcd, 0x19, 0xa7, 0x34, 0x9c, 0x83, 0x0a, 0xcb, 0xfd, 0x66, 0x23, 0xae, 0xa9, 0x0f,
  0x88, 0x87, 0xc4, 0x43, 0xe2, 0x21, 0xc5, 0xfe, 0x98, 0xe0, 0x31, 0x13, 0x21, 0x9d, 0xc7, 0x34,
  0x1b, 0xd0, 0xea, 0xaf, 0x7f, 0xea, 0x6c, 0x2d, 0x5b, 0x8a, 0x13, 0x29, 0x82, 0x6c, 0x58, 0x2a,
  0x21, 0xf1, 0x10, 0xf8, 0x88, 0x7c, 0x46, 0x31, 0x12, 0x16, 0x0a, 0xbf, 0xd3, 0x03, 0x78, 0xbe,
  0x40, 0xab, 0xf5, 0x99, 0xde, 0xdc, 0x77, 0xea, 0x89, 0x96, 0x0b, 0x11, 0xb3, 0x49, 0x02, 0xb6,
  0x02, 0x93, 0x3b, 0x16, 0xe9, 0x66, 0x6e, 0x40, 0xab, 0xf5, 0x99, 0xde, 0xec, 0xeb, 0x0e, 0xa4,
  0x69, 0x80, 0x79, 0x83, 0x64, 0x14, 0xbb, 0x2d, 0xd5, 0x5b, 0xe4, 0x0a, 0xbf, 0x59, 0x9d, 0xee,
  0xce, 0xb0, 0xeb, 0x64, 0xe9, 0x19, 0x63, 0x12, 0xb7, 0x65, 0xba, 0xab, 0x7c, 0x81, 0x57, 0xeb,
  0x33, 0xbd, 0xd9, 0xd6, 0x1d, 0x5d, 0x88, 0x69, 0x24, 0x24, 0xa1, 0xac, 0xc4, 0x4f, 0x2d, 0xdf,
  0x56, 0xf9, 0x02, 0xaf, 0xd6, 0x67, 0x7b, 0xb3, 0x94, 0x87, 0x37, 0x15, 0x4d, 0x3c, 0xc6, 0xce,
  0x86, 0x63, 0x4b, 0x0a, 0xb6, 0x3d, 0xd5, 0x5b, 0xe4, 0x0a, 0xbf, 0x59, 0x9d, 0xee, 0xcd, 0x72,
  0x33, 0x12, 0x81, 0xa4, 0x34, 0x06, 0x90, 0xd2, 0x12, 0x62, 0x48, 0x22, 0x34, 0xee, 0xda, 0xdf,
  0x20, 0x55, 0xfa, 0xcc, 0xef, 0x76, 0x6b, 0x0a, 0x33, 0x5c, 0x6a, 0x0d, 0x51, 0xaa, 0x35, 0x46,
  0xa8, 0x93, 0xaa, 0x77, 0x6d, 0x6f, 0x90, 0x2a, 0xfd, 0x66, 0x77, 0xbb, 0x38, 0xde, 0x95, 0xbe,
  0x40, 0xab, 0xf5, 0x99, 0xde, 0xef, 0xfa, 0xdf, 0x20, 0x55, 0xfa, 0xcc, 0xef, 0x77, 0xfd, 0x6f,
  0x90, 0x2a, 0xfd, 0x66, 0x77, 0xbb, 0xfe, 0xb7, 0xc8, 0x15, 0x7e, 0xb3, 0x3b, 0xdd, 0xff, 0x00,
  0x5b, 0xe4, 0x0a, 0xbf, 0x59, 0x9d, 0xee, 0xff, 0x00, 0xad, 0xf2, 0x05, 0x5f, 0xac, 0xce, 0xf7,
  0x7f, 0xd6, 0xf9, 0x02, 0xaf, 0xd6, 0x67, 0x7b, 0xbf, 0xeb, 0x7c, 0x81, 0x57, 0xeb, 0x33, 0xbd,
  0xdf, 0xf5, 0xbe, 0x40, 0xab, 0xf5, 0x99, 0xde, 0xef, 0xfa, 0xdf, 0x20, 0x55, 0xfa, 0xcc, 0xef,
  0x77, 0xfd, 0x6f, 0x90, 0x2a, 0xfd, 0x66, 0x77, 0xbb, 0xfe, 0xb7, 0xc8, 0x15, 0x7e, 0xb3, 0x3b,
  0xdd, 0xff, 0x00, 0x5b, 0xe4, 0x09, 0x5a, 0xbe, 0xe6, 0x77, 0xbb, 0xfe, 0xb7, 0xc8, 0x14, 0xba,
  0x7c, 0xbe, 0x40, 0x15, 0xbe, 0x40, 0xa3, 0xd3, 0xe5, 0x8f, 0x7f, 0x95, 0xbe, 0x40, 0xa5, 0xd3,
  0xe5, 0xf2, 0x00, 0xad, 0xf2, 0x05, 0x3e, 0x9f, 0x2f, 0xd7, 0x88, 0x51, 0x51, 0x3e, 0x25, 0x89,
  0x81, 0x43, 0x40, 0xd0, 0x34, 0x0d, 0x03, 0x40, 0xd0, 0x34, 0x0d, 0x03, 0x40, 0xd0, 0x34, 0x0d,
  0x03, 0x40, 0xd0, 0x34, 0x0d, 0x03, 0x40, 0xd0, 0x34, 0x0d, 0x03, 0x40, 0x8e, 0x0b, 0x12, 0x65,
  0xeb, 0x6d, 0xb6, 0x5c, 0x7c, 0xf2, 0x06, 0x9f, 0x4f, 0x97, 0xeb, 0xc2, 0x4c, 0xa9, 0x89, 0x40,
  0x19, 0x7a, 0x8f, 0x42, 0x32, 0xa2, 0x3f, 0x88, 0xfe, 0x23, 0xf8, 0x85, 0xd1, 0x0e, 0x38, 0x23,
  0xa5, 0x72, 0x05, 0x3e, 0x9f, 0x2f, 0xd7, 0x85, 0x4d, 0x7d, 0x5d, 0x95, 0xc4, 0x3e, 0x41, 0xd3,
  0xe9, 0xf2, 0xfd, 0x70, 0xa5, 0x9c, 0x11, 0xea, 0x6c, 0xae, 0x21, 0xf2, 0x0e, 0x9f, 0x4f, 0x97,
  0xeb, 0xc5, 0x3b, 0xb0, 0x41, 0x04, 0x10, 0x41, 0x04, 0x10, 0x41, 0x04, 0x12, 0xb5, 0x62, 0xe9,
  0x17, 0xec, 0xae, 0x21, 0xf2, 0x0e, 0x9f, 0x4f, 0x97, 0xeb, 0xc5, 0x3f, 0x43, 0x90, 0xc4, 0x4a,
  0x49, 0x28, 0x4a, 0x4a, 0x20, 0x10, 0x34, 0xf0, 0xac, 0x3b, 0xb6, 0x57, 0x10, 0xf9, 0x07, 0x4f,
  0xa7, 0xcb, 0xf5, 0xc1, 0x94, 0xfd, 0x0e, 0x43, 0x28, 0xd9, 0x86, 0x6a, 0x4a, 0x6d, 0x20, 0xab,
  0x23, 0x54, 0x5b, 0x65, 0x71, 0x0f, 0x90, 0x74, 0xfa, 0x7c, 0xbf, 0x5c, 0x2a, 0x28, 0x29, 0x11,
  0x3c, 0x02, 0xc7, 0x6f, 0x90, 0xca, 0x37, 0x13, 0x22, 0x5d, 0xbc, 0x41, 0xa2, 0x58, 0x47, 0x49,
  0x60, 0x65, 0x71, 0x0f, 0x90, 0x74, 0xfa, 0x7c, 0xbf, 0x5c, 0x28, 0x28, 0x63, 0x06, 0x2d, 0xd4,
  0x21, 0x2d, 0x54, 0xd7, 0x35, 0xcd, 0x73, 0x5c, 0xd7, 0x35, 0xcd, 0x73, 0x5c, 0xd7, 0x35, 0xcd,
  0x73, 0x5c, 0xd7, 0x35, 0xcc, 0x1a, 0x8f, 0x8e, 0x3a, 0x8d, 0xe9, 0x20, 0x10, 0x90, 0xfe, 0x9b,
  0x88, 0x7c, 0x83, 0xa7, 0xd3, 0xe5, 0xfa, 0xe1, 0x33, 0x64, 0x18, 0x53, 0x6f, 0x10, 0x50, 0x3e,
  0x12, 0x49, 0x24, 0x92, 0x49, 0x24, 0x44, 0xb0, 0xc7, 0xb4, 0xda, 0x43, 0xe4, 0x1d, 0x1e, 0x9f,
  0x2f, 0xd3, 0x89, 0x82, 0xa4, 0x7a, 0x84, 0x09, 0x80, 0x82, 0x08, 0x20, 0x82, 0x08, 0x20, 0x68,
  0x90, 0xd0, 0xf6, 0x95, 0x4b, 0x10, 0xf9, 0x07, 0x24, 0xf4, 0xf9, 0x63, 0xf4, 0xc4, 0x13, 0x81,
  0x96, 0x26, 0x0a, 0x9e, 0x9d, 0xb0, 0x28, 0x92, 0x49, 0x24, 0x92, 0x49, 0x24, 0x92, 0x55, 0x43,
  0x1c, 0xf3, 0x40, 0x87, 0xc8, 0x39, 0x25, 0xf5, 0x8b, 0x3b, 0xdf, 0x4c, 0xa9, 0x62, 0x66, 0x46,
  0x6e, 0xcb, 0xed, 0x33, 0x4c, 0xfd, 0xd1, 0xfb, 0xa3, 0xf7, 0x47, 0xee, 0x8f, 0xdd, 0x1f, 0xba,
  0x3f, 0x74, 0x7e, 0xe8, 0xfd, 0xd1, 0xfb, 0xa3, 0xf7, 0x47, 0xee, 0x8f, 0xdd, 0x1f, 0xba, 0x3f,
  0x74, 0x7e, 0xe8, 0xfd, 0xd1, 0xfb, 0xa3, 0xf7, 0x42, 0xf9, 0x81, 0xfd, 0xb4, 0x36, 0x27, 0x77,
  0x7f, 0x36, 0x66, 0x31, 0x8c, 0x63, 0x18, 0xc6, 0x34, 0xea, 0x1c, 0x61, 0x2c, 0x45, 0x68, 0xe3,
  0xf9, 0x28, 0x85, 0x7f, 0xd6, 0x30, 0x49, 0x3a, 0x89, 0xbb, 0xa3, 0xaf, 0x73, 0xf1, 0x9e, 0xe7,
  0xe3, 0x3d, 0xc4, 0xcf, 0x69, 0xee, 0x7e, 0x53, 0xdc, 0x9f, 0x2f, 0xf0, 0x5e, 0xe7, 0xe3, 0xaf,
  0x73, 0xf1, 0xd7, 0xb9, 0xf8, 0xeb, 0xdc, 0xfc, 0x75, 0xee, 0x7e, 0x3a, 0xf7, 0x3f, 0x1d, 0x7b,
  0x9f, 0x8e, 0xbd, 0xcf, 0xc7, 0x5e, 0xe7, 0xe3, 0xaf, 0x73, 0xf1, 0xd7, 0xb9, 0xf8, 0xeb, 0xdc,
  0xfc, 0x75, 0xee, 0x7e, 0x3a, 0xf7, 0x3f, 0x1d, 0x7b, 0x9f, 0x8e, 0xbd, 0xcf, 0xc7, 0x5e, 0xe7,
  0xe3, 0xaf, 0x73, 0xf1, 0xd7, 0xb9, 0xf8, 0xeb, 0xdc, 0xfc, 0x75, 0xee, 0x7e, 0x3a, 0xf7, 0x3f,
  0x3d, 0x7b, 0x88, 0xe8, 0x9c, 0x33, 0x41, 0x9a, 0x0c, 0xd0, 0x66, 0x83, 0x34, 0x19, 0xa0, 0xcd,
  0x06, 0x68, 0x31, 0x39, 0xe6, 0x22, 0xb0, 0x69, 0x5e, 0xe7, 0xd9, 0x3f, 0xe9, 0x8c, 0x95, 0x5f,
  0xa5, 0x45, 0x52, 0x16, 0x68, 0x0d, 0x01, 0xa0, 0x3e, 0xd2, 0x7d, 0xa4, 0x81, 0x36, 0x90, 0x4c,
  0xcf, 0xf7, 0xa1, 0xf7, 0xfc, 0x1f, 0x7f, 0xc1, 0xf7, 0xfc, 0x1f, 0x7f, 0xc1, 0xf7, 0xfc, 0x10,
  0xa7, 0xed, 0xfe, 0x1f, 0x4f, 0xc9, 0xf5, 0xfc, 0x8f, 0xe9, 0xf1, 0x14, 0xbe, 0xff, 0x00, 0xf0,
  0xfb, 0xfe, 0x45, 0x0d, 0x91, 0x44, 0xc9, 0x91, 0xe3, 0xea, 0x1b, 0x44, 0x72, 0x31, 0xc4, 0x0a,
  0x69, 0xac, 0x37, 0x33, 0x18, 0x48, 0xf3, 0x62, 0x60, 0x8a, 0x02, 0x13, 0x00, 0xaa, 0x7a, 0x6a,
  0xaa, 0xaa, 0xaa, 0xaa, 0xa9, 0x56, 0x5c, 0x84, 0x8b, 0x1a, 0x2d, 0x8d, 0x0b, 0x42, 0xee, 0x9d,
  0x95, 0xf5, 0x54, 0xcc, 0x53, 0xff, 0x00, 0xc0, 0xd0, 0x5b, 0xea, 0xa7, 0xa2, 0x94, 0x69, 0xb0,
  0x69, 0x43, 0xf5, 0x19, 0x19, 0x58, 0xf7, 0x8c, 0x86, 0x49, 0x2b, 0x72, 0xaa, 0x3c, 0xfa, 0x88,
  0x22, 0xe0, 0x49, 0x24, 0x92, 0x49, 0x24, 0x92, 0x49, 0x24, 0x92, 0x49, 0x24, 0x92, 0x49, 0x24,
  0x92, 0x36, 0xf2, 0x4b, 0x12, 0xf0, 0xf6, 0x5a, 0x16, 0x85, 0xdd, 0x3b, 0x2b, 0xea, 0xa9, 0x9d,
  0x91, 0x1f, 0xf4, 0x47, 0xcf, 0xe9, 0x24, 0x92, 0x38, 0x56, 0x49, 0x51, 0x3f, 0x53, 0x91, 0x95,
  0xac, 0x6d, 0x37, 0x31, 0x55, 0xea, 0xb2, 0x84, 0x13, 0x80, 0xa6, 0x11, 0x08, 0x84, 0x42, 0x21,
  0x10, 0x88, 0x44, 0x22, 0x11, 0x08, 0x84, 0x42, 0x21, 0x10, 0x88, 0x44, 0x22, 0x11, 0x08, 0x84,
  0x42, 0x1f, 0x92, 0x61, 0xc4, 0xe0, 0x85, 0xb2, 0xa1, 0x68, 0x5d, 0xd3, 0xb2, 0xbe, 0xaa, 0x99,
  0xdb, 0x2d, 0x2f, 0xe9, 0x02, 0x7f, 0xd1, 0x81, 0x02, 0x85, 0x6e, 0x42, 0x50, 0x32, 0x3d, 0x3e,
  0x46, 0x5b, 0xa7, 0xe7, 0xd5, 0x73, 0x2f, 0x4a, 0xb3, 0x34, 0x66, 0x7c, 0x36, 0x74, 0x2d, 0x0b,
  0xba, 0x76, 0x57, 0xd5, 0x53, 0x3b, 0xbf, 0x71, 0x2d, 0x32, 0xb6, 0x5e, 0xb7, 0x23, 0x2d, 0xd3,
  0xd5, 0x7a, 0xae, 0x65, 0xb0, 0x64, 0x92, 0x49, 0x24, 0x92, 0x51, 0x28, 0x94, 0x4a, 0x25, 0x12,
  0x89, 0x46, 0x0a, 0x06, 0xe7, 0x67, 0x42, 0xd0, 0xbb, 0xa7, 0x65, 0x7d, 0x55, 0x33, 0xba, 0xc4,
  0x89, 0x38, 0xcd, 0x59, 0x2f, 0x5b, 0x91, 0x96, 0xe9, 0xea, 0xbd, 0x57, 0x32, 0xbe, 0xb9, 0x27,
  0x02, 0xc8, 0xd5, 0x35, 0x0d, 0x43, 0x50, 0xd4, 0x35, 0x0d, 0x73, 0x5c, 0xd7, 0x35, 0xcd, 0x73,
  0x5c, 0xd7, 0x1a, 0x36, 0x8d, 0x0b, 0x42, 0xee, 0x8b, 0xfe, 0x64, 0x10, 0x41, 0x04, 0x0a, 0x65,
  0x24, 0xa4, 0x91, 0x22, 0x44, 0x89, 0x09, 0x8a, 0x58, 0x88, 0xc9, 0x85, 0xeb, 0x72, 0x32, 0xdd,
  0x3d, 0x57, 0xaa, 0xe6, 0x57, 0x5e, 0xe4, 0x9d, 0xb1, 0x81, 0x24, 0xa9, 0x7d, 0x5f, 0xa7, 0x69,
  0x42, 0xd1, 0xa9, 0x0b, 0x29, 0x64, 0x4c, 0xa5, 0x4a, 0x4d, 0x53, 0x54, 0xd5, 0x35, 0x46, 0x16,
  0xb1, 0x0b, 0x61, 0xc9, 0x24, 0x92, 0xe6, 0x5e, 0x5f, 0xae, 0xc8, 0xcb, 0x74, 0xf5, 0x5e, 0xab,
  0x99, 0x5c, 0x6a, 0xe1, 0x54, 0x87, 0x8b, 0xc0, 0x7a, 0x60, 0xb6, 0x05, 0x7e, 0x9d, 0xa5, 0x0b,
  0xa2, 0xb0, 0x53, 0xcc, 0x4d, 0x4c, 0xf2, 0xae, 0x57, 0xdc, 0xec, 0x8c, 0xb7, 0x4f, 0x55, 0xea,
  0xb9, 0x95, 0xad, 0x60, 0xab, 0x16, 0xbf, 0xc0, 0x54, 0x7b, 0x02, 0xbf, 0x4e, 0xd2, 0x85, 0xf0,
  0xa3, 0x90, 0x6b, 0x6b, 0xee, 0x76, 0x46, 0x5b, 0xa4, 0x7c, 0x96, 0xac, 0x47, 0x82, 0xb3, 0x49,
  0xb4, 0x24, 0x88, 0xa9, 0x37, 0x6b, 0xd8, 0x15, 0xfa, 0x76, 0x94, 0x2f, 0x8c, 0xe6, 0xe0, 0x14,
  0xdd, 0x52, 0x04, 0xc7, 0xb9, 0xcb, 0x15, 0x71, 0x9c, 0x0f, 0x0d, 0xca, 0xe7, 0xe4, 0xb5, 0x0e,
  0x20, 0x89, 0x63, 0x64, 0x89, 0x8b, 0x5c, 0x7b, 0x02, 0xbf, 0x4e, 0xd2, 0x86, 0xc0, 0x55, 0xb2,
  0x85, 0x57, 0x38, 0x8c, 0xe6, 0x53, 0x8e, 0xe5, 0x43, 0x11, 0xa6, 0x76, 0x67, 0x4d, 0xcd, 0xd9,
  0xba, 0x90, 0x50, 0x83, 0x08, 0x30, 0xcb, 0x03, 0x48, 0xd2, 0x34, 0x8d, 0x22, 0x7c, 0x84, 0x85,
  0x56, 0x2c, 0x58, 0xa7, 0x16, 0xd6, 0x9d, 0xa5, 0x0d, 0x84, 0xc8, 0xff, 0x00, 0x5c, 0x0c, 0x3b,
  0x9d, 0x21, 0x2c, 0x13, 0xc3, 0xed, 0xfc, 0x29, 0xf8, 0x53, 0xf0, 0xa7, 0xe1, 0x4f, 0xc2, 0x9f,
  0x85, 0x3f, 0x0a, 0x7e, 0x14, 0x9e, 0x9f, 0xe3, 0x17, 0x4a, 0x93, 0x47, 0x3e, 0xad, 0xcb, 0x37,
  0x62, 0xc4, 0x92, 0x86, 0x0f, 0x22, 0x17, 0x02, 0x17, 0x02, 0x17, 0x02, 0x0f, 0x22, 0x11, 0x17,
  0x58, 0x4f, 0xf0, 0x20, 0x82, 0x08, 0x55, 0x74, 0x15, 0x9b, 0xd4, 0x9b, 0x49, 0x4b, 0xbd, 0x51,
  0x0b, 0xda, 0x82, 0x47, 0x02, 0x25, 0x71, 0x25, 0x71, 0x25, 0x71, 0x25, 0x71, 0x25, 0x71, 0x1e,
  0x44, 0x34, 0x86, 0x90, 0xd2, 0x1a, 0x43, 0x0f, 0x62, 0x1a, 0x5b, 0x4e, 0x3b, 0x08, 0x82, 0x98,
  0xf0, 0x23, 0x0d, 0xcb, 0x26, 0x45, 0x48, 0x2c, 0x2c, 0x8d, 0x98, 0x00, 0x00, 0x4d, 0x16, 0x10,
  0x8b, 0x89, 0x76, 0x5e, 0xb3, 0x2a, 0xbd, 0x9f, 0x7c, 0x76, 0x96, 0xe4, 0xde, 0x48, 0xab, 0x4b,
  0x31, 0xea, 0x92, 0x95, 0xe5, 0x52, 0x99, 0x3a, 0x9b, 0x77, 0x97, 0x1b, 0x64, 0x69, 0x9c, 0x64,
  0x63, 0xc4, 0x63, 0xc4, 0x63, 0xc4, 0x29, 0x9a, 0x8a, 0x5b, 0xf6, 0xb3, 0xbd, 0x78, 0x5e, 0xb3,
  0x2a, 0xbd, 0x9f, 0x7c, 0x76, 0x96, 0x60, 0x94, 0xb7, 0x08, 0x7b, 0x3c, 0x38, 0xab, 0x15, 0x67,
  0x31, 0xd4, 0xa5, 0x79, 0x54, 0xa5, 0xb0, 0xd8, 0xd2, 0x62, 0x46, 0x5e, 0x36, 0xaa, 0x94, 0xb7,
  0xf5, 0xdd, 0xbc, 0x7a, 0xc6, 0x55, 0x7b, 0x3e, 0xf8, 0xed, 0x06, 0xe8, 0x90, 0xc2, 0x4e, 0xa3,
  0xcd, 0x8e, 0xa5, 0x2b, 0xca, 0xa5, 0x2d, 0x86, 0x88, 0x09, 0xfd, 0x3c, 0xc9, 0x62, 0xa9, 0x4b,
  0x7f, 0x5d, 0xcb, 0xc2, 0xf5, 0x9b, 0x37, 0xb3, 0xef, 0x84, 0xd9, 0xd8, 0x24, 0x38, 0x09, 0x28,
  0xb5, 0xd4, 0xa5, 0x79, 0x54, 0xa5, 0xb0, 0xd1, 0x91, 0x92, 0x81, 0x8c, 0x84, 0xca, 0x5b, 0xbf,
  0x22, 0x50, 0x8c, 0x26, 0xf4, 0x99, 0x5d, 0xa8, 0xee, 0xfe, 0x3d, 0x63, 0x66, 0xf6, 0x58, 0x23,
  0x0b, 0xe8, 0xc6, 0xc5, 0x22, 0xc5, 0x12, 0xb4, 0x66, 0xa1, 0xa8, 0x6a, 0x0e, 0x4a, 0x94, 0xe2,
  0xf2, 0xe3, 0x90, 0xbd, 0xb0, 0x9a, 0x32, 0x32, 0x20, 0x49, 0x23, 0x67, 0x58, 0xa6, 0x52, 0xde,
  0x30, 0xdd, 0x0e, 0xac, 0xc1, 0x6e, 0x6e, 0x6d, 0xb0, 0x82, 0x24, 0xa8, 0xee, 0xac, 0x85, 0x8e,
  0xbb, 0xc2, 0xf5, 0x9b, 0x37, 0xb3, 0x31, 0xa9, 0x75, 0x31, 0xe2, 0x63, 0xc4, 0xc7, 0x89, 0x8f,
  0x12, 0x75, 0x92, 0x85, 0xd4, 0xa7, 0xf8, 0x29, 0x8d, 0x96, 0xea, 0x62, 0x0d, 0xb6, 0xde, 0xc2,
  0xab, 0xb6, 0xd8, 0xd4, 0x6c, 0x03, 0x85, 0x65, 0xb2, 0xe1, 0xa9, 0xd3, 0x3b, 0xbd, 0xc8, 0x9c,
  0x94, 0x13, 0x21, 0x48, 0x9a, 0x0e, 0x93, 0x93, 0xb8, 0xd8, 0x49, 0x4e, 0xee, 0x32, 0xb1, 0xd6,
  0xf8, 0x5e, 0xb3, 0x66, 0xfd, 0x11, 0x18, 0x18, 0x18, 0x18, 0x09, 0x2c, 0xdc, 0x0b, 0x53, 0x83,
  0x9d, 0x95, 0x66, 0xaa, 0xb6, 0x51, 0xca, 0xa8, 0x95, 0x87, 0x52, 0x08, 0x20, 0x83, 0x01, 0x65,
  0x02, 0x24, 0x08, 0x12, 0x4a, 0x9b, 0xbe, 0x4a, 0x59, 0x8a, 0x70, 0xa2, 0x85, 0x17, 0xce, 0x46,
  0x74, 0x73, 0x64, 0x58, 0xb3, 0x08, 0x51, 0xbc, 0x77, 0x9f, 0x0b, 0xd6, 0x65, 0x57, 0xe8, 0x8a,
  0x76, 0xe0, 0x95, 0x1e, 0x23, 0x1c, 0xfc, 0x38, 0x0c, 0x6b, 0x8b, 0x8a, 0xe5, 0x28, 0x47, 0xdf,
  0x41, 0x91, 0x95, 0x9a, 0xac, 0x1f, 0x11, 0xc5, 0xfe, 0xc1, 0x49, 0x65, 0x02, 0x95, 0xef, 0xba,
  0xf8, 0x5e, 0xb3, 0x2a, 0xbf, 0x44, 0x53, 0xb1, 0xb4, 0xda, 0x4a, 0x8d, 0x66, 0xfd, 0x42, 0x51,
  0x7b, 0x52, 0x7e, 0x2e, 0xf9, 0x32, 0x32, 0xb6, 0x8d, 0xb5, 0x02, 0x95, 0xef, 0xba, 0xf8, 0x5e,
  0xb3, 0x2a, 0xbf, 0x44, 0x53, 0x18, 0x63, 0x17, 0x11, 0xcd, 0xf0, 0x57, 0x51, 0x28, 0xd9, 0xe5,
  0x2d, 0xed, 0x91, 0x95, 0xb4, 0x6d, 0xa8, 0x0d, 0xac, 0xad, 0x1a, 0xa3, 0x54, 0x6a, 0x8d, 0x50,
  0x9d, 0x61, 0xc5, 0x7e, 0x12, 0xf5, 0x99, 0x55, 0xfa, 0x1c, 0x84, 0x22, 0xbb, 0x00, 0x98, 0xed,
  0x25, 0x1a, 0x16, 0xce, 0x72, 0x9a, 0x1e, 0xa6, 0x96, 0x27, 0x7a, 0x64, 0x65, 0x6a, 0x5a, 0xe5,
  0x8e, 0xcd, 0xba, 0xec, 0x0d, 0x44, 0x6a, 0x21, 0xa4, 0xc7, 0xf4, 0x61, 0xd3, 0xef, 0xf8, 0x69,
  0xfd, 0xff, 0x00, 0x0d, 0x3f, 0xbf, 0xe1, 0xa7, 0xf7, 0xfc, 0x27, 0x10, 0x71, 0x54, 0x7f, 0x3d,
  0x66, 0x55, 0x7e, 0x85, 0xe0, 0x13, 0xd4, 0xaa, 0x23, 0x68, 0xdc, 0xc8, 0x0f, 0x0e, 0xa9, 0x80,
  0xb7, 0xa6, 0x46, 0x56, 0xc4, 0xee, 0x6c, 0xaa, 0xfd, 0x13, 0x52, 0x51, 0x12, 0x49, 0x24, 0x92,
  0x49, 0x24, 0x92, 0x49, 0x36, 0xc0, 0xb7, 0xa6, 0x46, 0x5b, 0xa1, 0x09, 0x55, 0xf2, 0xb6, 0x46,
  0x5b, 0xa1, 0xc3, 0x36, 0x3e, 0x55, 0xc8, 0xcb, 0x74, 0x92, 0xab, 0x95, 0xb2, 0x32, 0xdd, 0x2a,
  0xab, 0xea, 0x67, 0xca, 0xb9, 0x19, 0x6e, 0x9e, 0xab, 0xd5, 0xca, 0xd9, 0x19, 0x6e, 0x9e, 0xab,
  0xd5, 0xca, 0xd9, 0x19, 0x6e, 0x9e, 0xab, 0xd5, 0xca, 0xd9, 0x19, 0x6e, 0x9e, 0xab, 0xd5, 0xca,
  0xd9, 0x19, 0x6e, 0x91, 0xca, 0x33, 0xb7, 0xe0, 0xb4, 0x05, 0x79, 0x43, 0x23, 0x2d, 0xd0, 0xa9,
  0x34, 0x04, 0x54, 0x90, 0x8c, 0xec, 0x6c, 0xee, 0x58, 0xc2, 0x09, 0xe3, 0x28, 0xe5, 0x0c, 0x8c,
  0xb7, 0x4a, 0xa0, 0x67, 0x62, 0xea, 0x5c, 0x33, 0x22, 0x8b, 0x17, 0xca, 0x61, 0x84, 0x6e, 0x95,
  0x40, 0xcc, 0x82, 0x7f, 0x64, 0x3a, 0xbc, 0xf9, 0x2c, 0x18, 0x8c, 0xc5, 0x12, 0xae, 0x7f, 0x1d,
  0x8a, 0x94, 0xd1, 0x66, 0x8b, 0x34, 0x5e, 0xe6, 0x54, 0x08, 0xa4, 0x47, 0x11, 0x05, 0x31, 0xe3,
  0xc9, 0x81, 0x9d, 0x98, 0xd1, 0x14, 0x44, 0x92, 0x48, 0xc4, 0x8f, 0xc5, 0x44, 0x08, 0x6d, 0x8d,
  0x6e, 0x8b, 0x43, 0x8a, 0x06, 0x07, 0xdc, 0xaa, 0x06, 0xe2, 0x41, 0xba, 0x00, 0x2c, 0x06, 0xe8,
  0x45, 0x1c, 0x66, 0xb9, 0x0b, 0x31, 0x14, 0x8c, 0x91, 0xc4, 0xba, 0xa8, 0x3a, 0xee, 0x7a, 0x23,
  0x52, 0xeb, 0x09, 0x12, 0x24, 0x48, 0x94, 0x0c, 0x58, 0x82, 0x32, 0x69, 0x57, 0x91, 0x28, 0x99,
  0x2b, 0x20, 0xb8, 0xa8, 0x3a, 0xee, 0x7a, 0x25, 0x4b, 0x65, 0x66, 0x87, 0x05, 0xa8, 0x0a, 0xf2,
  0x1d, 0x13, 0x25, 0x6c, 0x03, 0xc6, 0xca, 0x83, 0xae, 0xe7, 0xa2, 0x54, 0xb6, 0x32, 0xc0, 0xe6,
  0x22, 0xca, 0xb9, 0x12, 0x89, 0x92, 0xb8, 0x9c, 0x08, 0xa8, 0x3a, 0xee, 0x7a, 0x25, 0x4a, 0xfc,
  0x9e, 0x8b, 0x31, 0x17, 0x81, 0xb1, 0xb5, 0x32, 0x3b, 0x02, 0x04, 0xe4, 0x92, 0xad, 0xaa, 0xa1,
  0x91, 0x96, 0xf2, 0x62, 0xa5, 0x88, 0x51, 0x82, 0x20, 0x82, 0x08, 0x16, 0x05, 0x51, 0xd7, 0x79,
  0xc0, 0x79, 0x36, 0x95, 0x33, 0x1e, 0x1b, 0xd9, 0xb0, 0x9d, 0xdb, 0xca, 0xdf, 0x51, 0x56, 0x5a,
  0xa0, 0xbc, 0x14, 0x4c, 0x9f, 0x67, 0xff, 0x00, 0xff, 0x00, 0xf2, 0x43, 0x5e, 0x03, 0x68, 0x4d,
  0x26, 0xf0, 0x49, 0x4a, 0xbb, 0xea, 0xcd, 0x04, 0xc1, 0xb1, 0xbd, 0x4f, 0xca, 0xdf, 0x6f, 0xbe,
  0xda, 0x26, 0x2a, 0x64, 0x70, 0x54, 0x88, 0x55, 0x6f, 0x5d, 0xde, 0xb1, 0x30, 0xa5, 0x75, 0x8f,
  0xd9, 0x99, 0xdf, 0xfc, 0xad, 0xf5, 0xd9, 0x9d, 0xf6, 0xce, 0x31, 0x75, 0x30, 0xd2, 0x97, 0xad,
  0x93, 0xc9, 0xbb, 0xea, 0xb3, 0x2e, 0xe1, 0xd9, 0xfb, 0xdf, 0x95, 0xbe, 0xbb, 0x33, 0xbe, 0xd9,
  0x42, 0xe6, 0xb5, 0x21, 0xc9, 0x6b, 0x76, 0xcf, 0x26, 0xef, 0xaa, 0xd8, 0xf0, 0x76, 0xbb, 0x3f,
  0x7b, 0xf2, 0xb7, 0xd7, 0x66, 0x77, 0xdb, 0x18, 0x72, 0x5d, 0x64, 0x4e, 0x4d, 0xf1, 0xb9, 0x3c,
  0x9b, 0xbe, 0xab, 0x91, 0x60, 0xec, 0x76, 0x7e, 0xf7, 0xe5, 0x6f, 0xae, 0xcc, 0xef, 0xb6, 0x18,
  0x61, 0x6b, 0x23, 0x17, 0x5b, 0xb3, 0xc9, 0xba, 0x51, 0x52, 0x56, 0x03, 0x21, 0xb2, 0x46, 0xc4,
  0x92, 0x49, 0x24, 0xa2, 0x74, 0x1e, 0x2a, 0x6c, 0xfd, 0xef, 0xca, 0xdf, 0x5d, 0x99, 0xdf, 0x5f,
  0xc5, 0x8a, 0x01, 0x79, 0x51, 0x15, 0xbd, 0x3c, 0x9b, 0xab, 0x0b, 0x25, 0x12, 0x89, 0x43, 0x29,
  0x25, 0x12, 0x89, 0x44, 0xa2, 0x51, 0x9e, 0x19, 0x43, 0x67, 0x7b, 0xf2, 0xb7, 0xd7, 0x66, 0x77,
  0xd7, 0x5b, 0x83, 0xfd, 0xea, 0x22, 0x0a, 0x85, 0x9d, 0xf9, 0xe4, 0xdd, 0x2d, 0xd3, 0x1f, 0x1c,
  0xc3, 0xa9, 0xaa, 0x6a, 0x98, 0x35, 0x14, 0xb5, 0x35, 0x4d, 0x53, 0x54, 0xd5, 0x35, 0x4c, 0x1a,
  0x88, 0x16, 0x3b, 0xdf, 0x95, 0xbe, 0xbb, 0x33, 0xbe, 0xbb, 0x12, 0xfa, 0x0a, 0x0e, 0xd8, 0x27,
  0x93, 0x74, 0xbc, 0x27, 0x06, 0x4b, 0x32, 0xb7, 0x21, 0x57, 0x61, 0xfb, 0xdf, 0x95, 0xbe, 0xbb,
  0x33, 0xbe, 0xb7, 0xc8, 0x85, 0x86, 0x90, 0x94, 0x05, 0x85, 0xb1, 0x9e, 0x4d, 0xd3, 0x43, 0xb3,
  0x29, 0xdb, 0x90, 0xab, 0xb0, 0xfd, 0xef, 0xca, 0xdf, 0x5d, 0x99, 0xdf, 0x58, 0xdc, 0x0d, 0x75,
  0xd2, 0x14, 0x49, 0x28, 0xb6, 0x53, 0xc9, 0xba, 0x68, 0x76, 0xc5, 0x83, 0xb3, 0x21, 0x57, 0x61,
  0xfb, 0xdf, 0x95, 0xbe, 0xbb, 0x33, 0xbe, 0x31, 0xc9, 0x4b, 0x3a, 0x77, 0x02, 0x8a, 0x10, 0x8d,
  0x90, 0xf2, 0x58, 0xb1, 0x1e, 0x1e, 0x91, 0xec, 0x96, 0x3b, 0x0a, 0x5d, 0xc8, 0xf0, 0x66, 0x42,
  0xae, 0xc3, 0xf7, 0xbf, 0x2b, 0x7d, 0xb9, 0x3c, 0xe0, 0x2b, 0x09, 0xd0, 0x4f, 0x0c, 0x09, 0x24,
  0x92, 0x49, 0x24, 0x92, 0x49, 0x26, 0xc9, 0x03, 0xea, 0x3a, 0x98, 0x32, 0x09, 0x9f, 0x47, 0x41,
  0xf0, 0x10, 0xe0, 0x54, 0x20, 0x82, 0x09, 0xc8, 0x6a, 0x09, 0xc0, 0xa6, 0xc2, 0x04, 0xee, 0xfd,
  0x36, 0x43, 0x27, 0x8a, 0xd8, 0x7e, 0xf7, 0xe5, 0x6f, 0xae, 0xcc, 0x41, 0x98, 0x18, 0xd9, 0x92,
  0x49, 0x24, 0x92, 0x49, 0x24, 0x92, 0x49, 0x25, 0x40, 0x18, 0xc2, 0x05, 0x89, 0x10, 0x27, 0x59,
  0x1d, 0x29, 0x85, 0x4c, 0x7d, 0x14, 0xb9, 0xf0, 0x0b, 0xc7, 0x03, 0xb7, 0x71, 0xe0, 0x8c, 0x03,
  0x82, 0x14, 0xc4, 0x32, 0x36, 0x2c, 0x72, 0x4c, 0x99, 0x32, 0x64, 0xcc, 0x41, 0x4b, 0xe8, 0x00,
  0xa7, 0x31, 0x62, 0xa2, 0xf1, 0x79, 0x5b, 0xeb, 0xb5, 0x2b, 0xea, 0xda, 0xd3, 0xb0, 0xa8, 0x6c,
  0xb3, 0x3a, 0x0c, 0x87, 0x2e, 0x97, 0xa3, 0x9d, 0xc4, 0x2f, 0xaf, 0xa6, 0xe2, 0x72, 0xcc, 0x42,
  0x54, 0x25, 0x91, 0x18, 0xd2, 0x02, 0xd4, 0x4c, 0x9d, 0x5b, 0x0c, 0x49, 0x90, 0x41, 0x04, 0x10,
  0x41, 0x1a, 0x11, 0xa1, 0x1a, 0x11, 0xa1, 0x1a, 0x11, 0xa1, 0x0e, 0x02, 0x7f, 0xa7, 0xca, 0xdf,
  0x5d, 0xa9, 0x5f, 0x56, 0xd6, 0x95, 0x82, 0x70, 0xfa, 0x8f, 0x42, 0x60, 0x30, 0x42, 0x12, 0x4b,
  0x85, 0x8a, 0x9f, 0x44, 0xa8, 0x64, 0x63, 0x61, 0x64, 0xe2, 0x97, 0x12, 0x5a, 0xc1, 0xe0, 0x60,
  0x92, 0x49, 0x42, 0x45, 0x4d, 0x9d, 0x81, 0x3d, 0xb7, 0x7d, 0xf2, 0xb7, 0xd7, 0x6a, 0x57, 0xd5,
  0xb5, 0xa4, 0x4e, 0x85, 0x2f, 0x81, 0x4d, 0x72, 0xf4, 0x14, 0xc8, 0x29, 0x6a, 0xa7, 0xd1, 0x2a,
  0x5a, 0x8f, 0x24, 0x98, 0x65, 0x4a, 0x74, 0x46, 0x50, 0xa2, 0x96, 0x54, 0xd9, 0xd1, 0x9e, 0xdb,
  0xff, 0x00, 0xff, 0x00, 0xdc, 0x7c, 0xad, 0xf5, 0xda, 0x0f, 0x8f, 0x56, 0xd5, 0xe2, 0x65, 0x78,
  0x89, 0x59, 0x21, 0x70, 0xf4, 0xca, 0x54, 0xb5, 0x20, 0xa4, 0xa3, 0x03, 0x85, 0x82, 0xe1, 0x6d,
  0x4d, 0x9c, 0xf1, 0xb6, 0x00, 0x03, 0xcf, 0x55, 0xe5, 0x6f, 0xa7, 0x8b, 0x35, 0x19, 0x25, 0xc7,
  0xb5, 0xaa, 0xaa, 0xaa, 0x80, 0x82, 0x08, 0x23, 0x6d, 0xac, 0xac, 0x2b, 0x8a, 0x97, 0xe2, 0xb5,
  0xca, 0x7d, 0x2f, 0xbb, 0x79, 0x5c, 0xb3, 0x2f, 0xe9, 0x0e, 0x04, 0x41, 0x84, 0xcd, 0x49, 0xad,
  0x35, 0xa6, 0xb4, 0x50, 0x54, 0x6a, 0x0d, 0x41, 0x37, 0x61, 0x9e, 0x42, 0x5f, 0x02, 0x5f, 0x02,
  0x41, 0x24, 0x29, 0x9c, 0xd6, 0x90, 0xe7, 0x27, 0xce, 0x2e, 0x34, 0x4e, 0x9c, 0x42, 0xb8, 0xb3,
  0xb6, 0x00, 0x02, 0xc7, 0x55, 0xe5, 0x72, 0xce, 0x9a, 0x14, 0x96, 0x62, 0x48, 0x23, 0x80, 0x47,
  0x00, 0x8e, 0x01, 0x1c, 0x01, 0x28, 0x50, 0x47, 0x00, 0x8e, 0x01, 0x0c, 0x88, 0x75, 0xb6, 0x19,
  0x04, 0xb8, 0x02, 0x5c, 0x01, 0xae, 0x00, 0x97, 0x00, 0x89, 0x50, 0x33, 0x92, 0x96, 0x26, 0xbb,
  0x5c, 0x9a, 0x76, 0xdf, 0xff, 0x00, 0x8b, 0xa8, 0xf2, 0xb7, 0xd4, 0xfc, 0x82, 0x7e, 0x41, 0x3f,
  0x20, 0x9f, 0x90, 0x4f, 0xc8, 0x27, 0xe4, 0x13, 0xf2, 0x09, 0xf9, 0x04, 0xfc, 0x82, 0x7e, 0x41,
  0x3f, 0x20, 0x9f, 0x90, 0x4f, 0xc8, 0x27, 0xe4, 0x13, 0xf2, 0x09, 0xf9, 0x04, 0xfc, 0x82, 0x7e,
  0x41, 0x3f, 0x20, 0x7c, 0x33, 0xb6, 0xb2, 0x17, 0x34, 0x50, 0x26, 0x92, 0x55, 0xc5, 0x4b, 0x83,
  0xad, 0xc1, 0x08, 0x62, 0x11, 0x8d, 0x93, 0x71, 0xa1, 0x5d, 0xca, 0x5e, 0xdb, 0xbe, 0xf9, 0x5c,
  0x9b, 0x55, 0x55, 0x55, 0x55, 0x55, 0x55, 0x55, 0x55, 0x55, 0x4d, 0x48, 0x7b, 0x5c, 0x36, 0x8e,
  0xd5, 0x8d, 0xa0, 0x9a, 0x49, 0x56, 0xaa, 0x5c, 0x1d, 0x6e, 0x08, 0x43, 0x1a, 0xae, 0xa3, 0x1e,
  0x6f, 0x54, 0xbd, 0x8a, 0x4d, 0xa1, 0x54, 0xd5, 0x9a, 0xb3, 0x56, 0x6a, 0xc6, 0x44, 0x2a, 0x7e,
  0x57, 0x2c, 0xbb, 0x8b, 0xdb, 0x41, 0x0b, 0x2a, 0xc5, 0x4b, 0x83, 0xad, 0xc1, 0x08, 0x4f, 0x50,
  0xdb, 0x69, 0x77, 0xea, 0x5e, 0xc7, 0x82, 0x03, 0x88, 0xc0, 0xa1, 0x2b, 0x80, 0x95, 0xc0, 0x4a,
  0xe0, 0x2b, 0xe0, 0xa9, 0xcb, 0x2e, 0xea, 0xd6, 0xae, 0x02, 0x49, 0x4c, 0x54, 0xb8, 0x3a, 0xdc,
  0x10, 0xa5, 0x1b, 0x6d, 0x8e, 0xc2, 0xa5, 0xdf, 0xa5, 0x49, 0x56, 0x01, 0xf6, 0x2e, 0x54, 0xe9,
  0xca, 0x52, 0x39, 0x24, 0x48, 0x69, 0xe2, 0xb2, 0x6a, 0x9a, 0xa6, 0xb8, 0xe6, 0x08, 0x86, 0xb9,
  0xae, 0x6b, 0x9a, 0xe4, 0xa1, 0x5d, 0x0e, 0xb7, 0x18, 0xb8, 0x54, 0x6e, 0x5c, 0xbd, 0x8d, 0x4b,
  0xbd, 0x82, 0x52, 0xe8, 0x35, 0xe1, 0x4b, 0x43, 0xec, 0x5c, 0xa9, 0xd3, 0x94, 0xd8, 0xb4, 0x33,
  0x09, 0xd5, 0x77, 0x32, 0x9b, 0xce, 0xb6, 0xe5, 0xa4, 0x97, 0x23, 0x4c, 0xd3, 0xb1, 0x13, 0x1c,
  0xeb, 0xb2, 0xa9, 0x77, 0x5b, 0x49, 0x2c, 0x63, 0xc2, 0x0a, 0xd0, 0xfb, 0x17, 0x2a, 0x74, 0xe5,
  0x39, 0xfc, 0x08, 0x25, 0xb0, 0x24, 0x3a, 0x04, 0x9a, 0x21, 0x30, 0x48, 0x76, 0xe6, 0x52, 0x41,
  0x04, 0x10, 0x40, 0xeb, 0x64, 0x13, 0xd0, 0x40, 0x85, 0xc0, 0x85, 0xc0, 0x85, 0xb3, 0xa9, 0x77,
  0x1b, 0x49, 0x2c, 0x73, 0x61, 0x4b, 0xa1, 0xf6, 0x2e, 0x54, 0xe9, 0xca, 0x59, 0x0f, 0x46, 0x10,
  0xe6, 0x2a, 0x63, 0x32, 0x30, 0x35, 0x4d, 0x53, 0x5c, 0xc5, 0xf3, 0x21, 0x68, 0xd3, 0x34, 0xcd,
  0x33, 0x4e, 0xe4, 0x4d, 0xf1, 0x36, 0xf5, 0x2e, 0xd4, 0x2c, 0xb1, 0xed, 0xa5, 0xe0, 0xfb, 0x17,
  0x2a, 0x74, 0xe5, 0x36, 0xa6, 0xa4, 0x6c, 0xa0, 0x41, 0x04, 0x22, 0x36, 0x23, 0x63, 0xb7, 0xa9,
  0x76, 0x2e, 0x46, 0x31, 0xb4, 0xbe, 0x1f, 0x62, 0xe5, 0x4e, 0x9b, 0xeb, 0x58, 0xd6, 0x35, 0x8d,
  0x63, 0x58, 0xd6, 0x35, 0x8d, 0x63, 0x58, 0xd6, 0x35, 0x8d, 0x63, 0x58, 0xd6, 0x35, 0x8d, 0x63,
  0x58, 0xd6, 0x35, 0x88, 0x3c, 0xfd, 0x38, 0xa9, 0xb6, 0xb3, 0x0a, 0x4d, 0x47, 0x48, 0xf6, 0x01,
  0xf6, 0x2e, 0x54, 0xe9, 0xbe, 0xb4, 0x4d, 0x13, 0x44, 0xd1, 0x34, 0x4d, 0x13, 0x44, 0xd1, 0x34,
  0x4d, 0x13, 0x44, 0xd1, 0x34, 0x4d, 0x13, 0x44, 0xd1, 0x34, 0x4d, 0x13, 0x44, 0x49, 0x41, 0xa5,
  0x7a, 0x62, 0x18, 0xde, 0xcb, 0xff, 0x00, 0xff, 0x00, 0x5b, 0xe1, 0x71, 0x6c, 0x9a, 0x8f, 0x91,
  0xec, 0x43, 0xec, 0x5c, 0xa9, 0xd3, 0x99, 0x24, 0x51, 0xea, 0x01, 0xf6, 0x2e, 0x54, 0xe9, 0xcf,
  0x9a, 0x20, 0x7d, 0x8b, 0x95, 0x3a, 0x73, 0x26, 0x85, 0x95, 0xb2, 0x00, 0x2c, 0x3d, 0xb0, 0x7d,
  0x8b, 0x95, 0x3a, 0x6f, 0xad, 0x09, 0xa1, 0x34, 0x26, 0x84, 0xd0, 0x9a, 0x13, 0x42, 0x68, 0x4d,
  0x09, 0xa1, 0x34, 0x26, 0x84, 0xd0, 0x9a, 0x13, 0x42, 0x68, 0x4d, 0x09, 0xa1, 0x34, 0x22, 0xe9,
  0xb7, 0xb4, 0xaa, 0x3a, 0x0e, 0x24, 0x92, 0x49, 0x24, 0x92, 0x49, 0x18, 0xc3, 0x81, 0x87, 0x03,
  0x0e, 0x06, 0x1c, 0x0c, 0x38, 0x18, 0x70, 0x30, 0xe0, 0x61, 0xc0, 0xc3, 0x81, 0x5e, 0xd2, 0x04,
  0x17, 0xd8, 0xb9, 0x5b, 0xa6, 0xfa, 0x97, 0xf3, 0x12, 0xfe, 0x62, 0x5f, 0xcc, 0x4b, 0xf9, 0x89,
  0x7f, 0x31, 0x2f, 0xe6, 0x25, 0xfc, 0xc4, 0xbf, 0x98, 0x97, 0xf3, 0x12, 0xfe, 0x62, 0x5f, 0xcc,
  0x4b, 0xf9, 0x89, 0x7f, 0x31, 0x2f, 0xe6, 0x25, 0xfc, 0xc4, 0xbf, 0x98, 0x97, 0xf3, 0x12, 0xfe,
  0x62, 0x5f, 0xcc, 0x48, 0x60, 0x60, 0x60, 0x60, 0x60, 0x60, 0x60, 0x60, 0x60, 0x60, 0x60, 0x4a,
  0x46, 0x56, 0x50, 0x41, 0x04, 0x10, 0x41, 0x04, 0x11, 0x4c, 0x94, 0x4a, 0x25, 0x12, 0x89, 0x44,
  0xa2, 0x51, 0x28, 0x94, 0x46, 0x4c, 0x0c, 0x0c, 0x0c, 0x0c, 0x0c, 0x0c, 0x0c, 0x0c, 0x0c, 0x0c,
  0x1d, 0xb9, 0xac, 0x3a, 0x08, 0x20, 0x82, 0xb7, 0x4e, 0x59, 0x00, 0x00, 0x00, 0x00, 0x00, 0x00,
  0x00, 0x49, 0x24, 0x92, 0x49, 0x23, 0x03, 0x80, 0x20, 0x53, 0x13, 0x13, 0x13, 0x13, 0x13, 0x13,
  0x13, 0x0c, 0xe2, 0x4f, 0x89, 0x3e, 0x24, 0xf8, 0x93, 0xe2, 0x4f, 0x89, 0x3e, 0x24, 0xf8, 0x93,
  0xe2, 0x4f, 0x88, 0xe3, 0xd9, 0xa4, 0x92, 0x49, 0x24, 0x4a, 0x76, 0xa6, 0xa3, 0xc1, 0xd1, 0x70,
  0x24, 0x3f, 0x4d, 0xdd, 0xff, 0xda, 0x00, 0x08, 0x01, 0x01, 0x00, 0x00, 0x00, 0x10, 0xff, 0x00,
  0xff, 0x00, 0xff, 0x00, 0xff, 0x00, 0xff, 0x00, 0xff, 0x00, 0xff, 0x00, 0xfe, 0x1e, 0x00, 0x00,
  0x00, 0x00, 0x00, 0x00, 0xf1, 0xff, 0x00, 0xff, 0x00, 0xff, 0x00, 0xff, 0x00, 0xff, 0x00, 0xff,
  0x00, 0xff, 0x00, 0xfe, 0xee, 0x00, 0x00, 0x00, 0x00, 0x00, 0x01, 0xf5, 0xff, 0x00, 0xff, 0x00,
  0xff, 0x00, 0xff, 0x00, 0xff, 0x00, 0xff, 0x00, 0xff, 0x00, 0xfe, 0xd6, 0x00, 0x00, 0x00, 0x00,
  0x00, 0x01, 0xd1, 0xff, 0x00, 0xff, 0x00, 0xff, 0x00, 0xff, 0x00, 0xff, 0x00, 0xff, 0x00, 0xff,
  0x00, 0xfe, 0xf6, 0x00, 0x00, 0x00, 0x00, 0x00, 0x03, 0xa9, 0xff, 0x00, 0xff, 0x00, 0xff, 0x00,
  0xff, 0x00, 0xff, 0x00, 0xff, 0x00, 0xff, 0x00, 0xfe, 0xfe, 0x1f, 0xe8, 0x00, 0x00, 0x00, 0x02,
  0x59, 0xff, 0x00, 0xff, 0x00, 0xff, 0x00, 0xff, 0x00, 0xff, 0x00, 0xff, 0x00, 0xff, 0x00, 0xfe,
  0x08, 0x14, 0x14, 0x00, 0x00, 0x00, 0x00, 0x49, 0xff, 0x00, 0xff, 0x00, 0xff, 0x00, 0xff, 0x00,
  0xff, 0x00, 0xff, 0x00, 0xff, 0x00, 0xff, 0x00, 0xff, 0x00, 0x11, 0xa4, 0x00, 0x00, 0x00, 0x03,
  0xf9, 0xff, 0x00, 0xff, 0x00, 0xff, 0x00, 0xff, 0x00, 0xff, 0x00, 0xff, 0x00, 0xff, 0x00, 0xfe,
  0x08, 0x1e, 0x30, 0x00, 0x00, 0x00, 0x03, 0x00, 0xff, 0x00, 0xff, 0x00, 0xff, 0x00, 0xff, 0x00,
  0xff, 0x00, 0xff, 0x00, 0xff, 0x00, 0xfe, 0x00, 0x10, 0xb0, 0x00, 0x00, 0x00, 0x00, 0x02, 0xff,
  0x00, 0xff, 0x00, 0xff, 0x00, 0xff, 0x00, 0xff, 0x00, 0xff, 0x00, 0xff, 0x00, 0xfe, 0x00, 0x16,
  0xb0, 0x00, 0x00, 0x00, 0x00, 0x02, 0xff, 0x00, 0xff, 0x00, 0xff, 0x00, 0xff, 0x00, 0xff, 0x00,
  0xff, 0x00, 0xff, 0x00, 0xfe, 0x00, 0x12, 0xb0, 0x00, 0x00, 0x00, 0x00, 0x02, 0xff, 0x00, 0xff,
  0x00, 0xff, 0x00, 0xff, 0x00, 0xff, 0x00, 0xff, 0x00, 0xff, 0x00, 0xfe, 0x00, 0x1a, 0x54, 0x00,
  0x00, 0x00, 0x00, 0x02, 0xff, 0x00, 0xff, 0x00, 0xff, 0x00, 0xff, 0x00, 0xff, 0x00, 0xff, 0x00,
  0xff, 0x00, 0xfe, 0x00, 0x1e, 0x10, 0x00, 0x00, 0x00, 0x00, 0x02, 0xff, 0x00, 0xff, 0x00, 0xff,
  0x00, 0xff, 0x00, 0xff, 0x00, 0xff, 0x00, 0xff, 0x00, 0xfe, 0x00, 0x1f, 0xc8, 0x00, 0x00, 0x00,
  0x00, 0x02, 0xff, 0x00, 0xff, 0x00, 0xff, 0x00, 0xff, 0x00, 0xff, 0x00, 0xff, 0x00, 0xff, 0x00,
  0xfe, 0x00, 0x10, 0x00, 0x00, 0x00, 0x00, 0x00, 0x02, 0xff, 0x00, 0xff, 0x00, 0xff, 0x00, 0xff,
  0x00, 0xff, 0x00, 0xff, 0x00, 0xff, 0x00, 0xfe, 0x00, 0x00, 0x00, 0x00, 0x00, 0x00, 0x00, 0x02,
  0xff, 0x00, 0xff, 0x00, 0xff, 0x00, 0xff, 0x00, 0xff, 0x00, 0xff, 0x00, 0xff, 0x00, 0xfe, 0x00,
  0x00, 0x00, 0x00, 0x00, 0x00, 0x00, 0x02, 0xff, 0x00, 0xff, 0x00, 0xff, 0x00, 0xff, 0x00, 0xff,
  0x00, 0xff, 0x00, 0xff, 0x00, 0xfe, 0x00, 0x00, 0x00, 0x00, 0x00, 0x00, 0x00, 0x02, 0xff, 0x00,
  0xff, 0x00, 0xff, 0x00, 0xff, 0x00, 0xff, 0x00, 0xff, 0x00, 0xff, 0x00, 0xfe, 0x00, 0x00, 0x00,
  0x00, 0x00, 0x00, 0x00, 0x02, 0xff, 0x00, 0xff, 0x00, 0xff, 0x00, 0xff, 0x00, 0xff, 0x00, 0xff,
  0x00, 0xff, 0x00, 0xfe, 0x00, 0x00, 0x00, 0x00, 0x00, 0x00, 0x00, 0x02, 0xff, 0x00, 0xff, 0x00,
  0xff, 0x00, 0xff, 0x00, 0xff, 0x00, 0xff, 0x00, 0xff, 0x00, 0xfe, 0x00, 0x00, 0x00, 0x00, 0x00,
  0x00, 0x00, 0x02, 0xff, 0x00, 0xff, 0x00, 0xff, 0x00, 0xff, 0x00, 0xff, 0x00, 0xff, 0x00, 0xff,
  0x00, 0xfe, 0x00, 0x00, 0x00, 0x00, 0x00, 0x00, 0x00, 0x02, 0xff, 0x00, 0xff, 0x00, 0xff, 0x00,
  0xff, 0x00, 0xff, 0x00, 0xff, 0x00, 0xff, 0x00, 0xfe, 0x00, 0x00, 0x00, 0x00, 0x00, 0x00, 0x00,
  0x02, 0xff, 0x00, 0xff, 0x00, 0xff, 0x00, 0xff, 0x00, 0xff, 0x00, 0xff, 0x00, 0xff, 0x00, 0xfe,
  0x00, 0x00, 0x00, 0x00, 0x00, 0x00, 0x00, 0x02, 0xff, 0x00, 0xff, 0x00, 0xff, 0x00, 0xff, 0x00,
  0xff, 0x00, 0xff, 0x00, 0xff, 0x00, 0xfe, 0x00, 0x00, 0x00, 0x00, 0x00, 0x00, 0x00, 0x02, 0xff,
  0x00, 0xff, 0x00, 0xff, 0x00, 0xff, 0x00, 0xff, 0x00, 0xff, 0x00, 0xff, 0x00, 0xfe, 0x00, 0x00,
  0x00, 0x00, 0x00, 0x00, 0x00, 0x02, 0xff, 0x00, 0xff, 0x00, 0xff, 0x00, 0xff, 0x00, 0xff, 0x00,
  0xff, 0x00, 0xff, 0x00, 0xfe, 0x00, 0x00, 0x00, 0x00, 0x00, 0x00, 0x00, 0x02, 0xff, 0x00, 0xff,
  0x00, 0xff, 0x00, 0xff, 0x00, 0xff, 0x00, 0xff, 0x00, 0xff, 0x00, 0xfe, 0x00, 0x00, 0x00, 0x00,
  0x00, 0x00, 0x00, 0x02, 0xff, 0x00, 0xff, 0x00, 0xff, 0x00, 0xff, 0x00, 0xff, 0x00, 0xff, 0x00,
  0xff, 0x00, 0xfe, 0x00, 0x00, 0x00, 0x00, 0x00, 0x00, 0x00, 0x02, 0xff, 0x00, 0xff, 0x00, 0xff,
  0x00, 0xff, 0x00, 0xff, 0x00, 0xff, 0x00, 0xff, 0x00, 0xfe, 0x00, 0x00, 0x00, 0x00, 0x00, 0x00,
  0x00, 0x02, 0xff, 0x00, 0xff, 0x00, 0xff, 0x00, 0xff, 0x00, 0xff, 0x00, 0xff, 0x00, 0xff, 0x00,
  0xff, 0x00, 0x80, 0x00, 0x00, 0x00, 0x00, 0x00, 0x00, 0x02, 0xff, 0x00, 0xff, 0x00, 0xff, 0x00,
  0xff, 0x00, 0xff, 0x00, 0xff, 0x00, 0xff, 0x00, 0xff, 0x00, 0x00, 0x00, 0x00, 0x05, 0x80, 0x00,
  0x03, 0x80, 0xff, 0x00, 0xff, 0x00, 0xff, 0x00, 0xff, 0x00, 0xff, 0x00, 0xff, 0x00, 0xff, 0x00,
  0xfe, 0x00, 0x00, 0x00, 0x02, 0xff, 0x00, 0xff, 0x00, 0xfd, 0x81, 0xff, 0x00, 0xff, 0x00, 0xff,
  0x00, 0xff, 0x00, 0xff, 0x00, 0xff, 0x00, 0xff, 0x00, 0xfe, 0x00, 0x00, 0x00, 0x05, 0x80, 0x00,
  0x01, 0x7e, 0xff, 0x00, 0xff, 0x00, 0xff, 0x00, 0xff, 0x00, 0xff, 0x00, 0xff, 0x00, 0xff, 0x00,
  0xfe, 0x00, 0x00, 0x00, 0x03, 0x80, 0x00, 0x01, 0x7e, 0xff, 0x00, 0xff, 0x00, 0xff, 0x00, 0xff,
  0x00, 0xff, 0x00, 0xff, 0x00, 0xff, 0x00, 0xfe, 0x00, 0x00, 0x00, 0x01, 0xff, 0x00, 0xfd, 0xe1,
  0x7e, 0xff, 0x00, 0xff, 0x00, 0xff, 0x00, 0xff, 0x00, 0xff, 0x00, 0xff, 0x00, 0xff, 0x00, 0xfe,
  0x00, 0x00, 0x00, 0x01, 0xdf, 0xff, 0x00, 0x79, 0x7e, 0xff, 0x00, 0xff, 0x00, 0xff, 0x00, 0xff,
  0x00, 0xff, 0x00, 0xff, 0x00, 0xff, 0x00, 0xfe, 0x00, 0x00, 0x00, 0x01, 0xbf, 0xff, 0x00, 0x21,
  0x7e, 0xff, 0x00, 0xff, 0x00, 0xff, 0x00, 0xff, 0x00, 0xff, 0x00, 0xff, 0x00, 0xff, 0x00, 0xfe,
  0x00, 0x00, 0x00, 0x06, 0xff, 0x00, 0xff, 0x00, 0x3e, 0x7e, 0xff, 0x00, 0xff, 0x00, 0xff, 0x00,
  0xff, 0x00, 0xff, 0x00, 0xff, 0x00, 0xff, 0x00, 0xfe, 0x00, 0x00, 0x00, 0x01, 0x00, 0x01, 0x7f,
  0x1e, 0xff, 0x00, 0xff, 0x00, 0xff, 0x00, 0xff, 0x00, 0xff, 0x00, 0xff, 0x00, 0xff, 0x00, 0xfe,
  0x00, 0x00, 0x00, 0x04, 0x7f, 0xff, 0x00, 0xbf, 0xfe, 0xff, 0x00, 0xff, 0x00, 0xff, 0x00, 0xff,
  0x00, 0xff, 0x00, 0xff, 0x00, 0xff, 0x00, 0xff, 0x00, 0x00, 0x00, 0x03, 0x7f, 0xff, 0x00, 0xfe,
  0x7f, 0x9e, 0xff, 0x00, 0xff, 0x00, 0xff, 0x00, 0xff, 0x00, 0xff, 0x00, 0xff, 0x00, 0xff, 0x00,
  0xfe, 0x00, 0x00, 0x00, 0x80, 0x00, 0x00, 0xbf, 0xf2, 0xff, 0x00, 0xff, 0x00, 0xff, 0x00, 0xff,
  0x00, 0xff, 0x00, 0xff, 0x00, 0xff, 0x00, 0xff, 0x00, 0x80, 0x00, 0x00, 0xcf, 0xff, 0x00, 0xff,
  0x00, 0xc0, 0x00, 0xf9, 0xff, 0x00, 0xff, 0x00, 0xf0, 0x02, 0xe3, 0x58, 0x5d, 0x80, 0x00, 0x00,
  0x6f, 0xff, 0x00, 0xff, 0x00, 0xff, 0x00, 0xff, 0x00, 0x5e, 0x00, 0x00, 0x00, 0x01, 0x80, 0x63,
  0x96, 0x80, 0x00, 0x02, 0x9f, 0xff, 0x00, 0xff, 0x00, 0xff, 0x00, 0xff, 0x00, 0xfe, 0x00, 0x00,
  0x00, 0x01, 0x80, 0x6f, 0xfe, 0x80, 0x00, 0x02, 0x8f, 0xff, 0x00, 0xff, 0x00, 0xff, 0x00, 0xff,
  0x00, 0xe1, 0xff, 0x00, 0xff, 0x00, 0xe0, 0x01, 0x80, 0x63, 0xee, 0x00, 0x00, 0x02, 0x8f, 0xff,
  0x00, 0xff, 0x00, 0xff, 0x00, 0xff, 0x00, 0xf1, 0xff, 0x00, 0xff, 0x00, 0xe0, 0x01, 0x80, 0x62,
  0xc0, 0x00, 0x00, 0x02, 0x8f, 0xff, 0x00, 0xff, 0x00, 0xff, 0x00, 0xff, 0x00, 0xf1, 0xf8, 0x00,
  0x40, 0x01, 0x80, 0x60, 0x88, 0x00, 0x00, 0x02, 0x8f, 0xff, 0x00, 0xff, 0x00, 0xff, 0x00, 0xff,
  0x00, 0xf1, 0xef, 0xff, 0x00, 0xc0, 0x01, 0x9f, 0x7f, 0xa8, 0x00, 0x00, 0x02, 0x8f, 0xff, 0x00,
  0xff, 0x00, 0xff, 0x00, 0xff, 0x00, 0xf1, 0xc8, 0x10, 0x20, 0x01, 0xff, 0x00, 0x7f, 0xc0, 0x00,
  0x00, 0x02, 0x8f, 0xff, 0x00, 0xff, 0x00, 0xff, 0x00, 0xff, 0x00, 0xf1, 0xb0, 0x10, 0x20, 0x01,
  0xc8, 0x40, 0x00, 0x00, 0x00, 0x02, 0x8f, 0xff, 0x00, 0xff, 0x00, 0xff, 0x00, 0xff, 0x00, 0xf1,
  0xe8, 0x10, 0x20, 0x01, 0xe0, 0x40, 0x00, 0x00, 0x00, 0x02, 0x9f, 0xff, 0x00, 0xff, 0x00, 0xff,
  0x00, 0xff, 0x00, 0x24, 0x08, 0x10, 0x20, 0x01, 0xf2, 0x40, 0x00, 0x00, 0x00, 0x00, 0xaf, 0xff,
  0x00, 0xff, 0x00, 0xff, 0x00, 0xff, 0x00, 0x07, 0x48, 0x10, 0x20, 0x01, 0xfd, 0x80, 0x00, 0x00,
  0x00, 0x00, 0x6f, 0xff, 0x00, 0xff, 0x00, 0xff, 0x00, 0xff, 0x00, 0x9b, 0x3c, 0x10, 0x20, 0x00,
  0xff, 0x00, 0x40, 0x00, 0x00, 0x00, 0x01, 0x90, 0x0f, 0xff, 0x00, 0xff, 0x00, 0xff, 0x00, 0x37,
  0xf7, 0xa0, 0x7f, 0x82, 0x01, 0x00, 0x00, 0x00, 0x00, 0x01, 0xff, 0x00, 0xf7, 0xff, 0x00, 0xff,
  0x00, 0xff, 0x00, 0x40, 0x1b, 0x60, 0x1f, 0xfc, 0x00, 0x00, 0x00, 0x00, 0x00, 0x00, 0x00, 0x0f,
  0xff, 0x00, 0xff, 0x00, 0xff, 0x00, 0x40, 0x1a, 0x40, 0x2f, 0xf2, 0x00, 0x00, 0x00, 0x00, 0x00,
  0x00, 0x00, 0x07, 0xff, 0x00, 0xff, 0x00, 0xff, 0x00, 0x40, 0x1f, 0x80, 0x2f, 0xfa, 0x00, 0x00,
  0x00, 0x00, 0x00, 0x00, 0x00, 0x03, 0xff, 0x00, 0xff, 0x00, 0xff, 0x00, 0xe0, 0x09, 0x00, 0x2f,
  0xfe, 0x00, 0x00, 0x00, 0x00, 0x00, 0x00, 0xf8, 0x87, 0xff, 0x00, 0xff, 0x00, 0xff, 0x00, 0xe0,
  0x0a, 0x70, 0x0f, 0xf6, 0x00, 0x00, 0x00, 0x00, 0x00, 0x00, 0x82, 0x07, 0xff, 0x00, 0xff, 0x00,
  0xff, 0x00, 0xe0, 0x0c, 0x10, 0x57, 0x91, 0x00, 0x00, 0x00, 0x00, 0x00, 0x01, 0x25, 0x0f, 0xff,
  0x00, 0xff, 0x00, 0xff, 0x00, 0x40, 0x10, 0x1c, 0xa3, 0xab, 0x00, 0x00, 0x00, 0x00, 0x00, 0x03,
  0xac, 0x07, 0xff, 0x00, 0xff, 0x00, 0xff, 0x00, 0x40, 0x00, 0x13, 0x7c, 0x00, 0x00, 0x00, 0x00,
  0x00, 0x00, 0x02, 0xbc, 0x83, 0xff, 0x00, 0xff, 0x00, 0xff, 0x00, 0x40, 0x00, 0x13, 0xfc, 0x00,
  0x00, 0x00, 0x00, 0x00, 0x00, 0x02, 0x8c, 0x83, 0xff, 0x00, 0xff, 0x00, 0xff, 0x00, 0x40, 0x00,
  0x1f, 0xfe, 0x10, 0x00, 0x00, 0x00, 0x00, 0x00, 0x02, 0x8c, 0x77, 0xff, 0x00, 0xff, 0x00, 0xff,
  0x00, 0x40, 0x00, 0x27, 0xfe, 0x10, 0x00, 0x00, 0x00, 0x00, 0x00, 0x02, 0x87, 0xf3, 0xff, 0x00,
  0xff, 0x00, 0xff, 0x00, 0x40, 0x00, 0x23, 0xff, 0x00, 0x20, 0x00, 0x00, 0x00, 0x00, 0x00, 0x02,
  0x9f, 0xff, 0x00, 0xff, 0x00, 0xff, 0x00, 0xff, 0x00, 0x40, 0x00, 0x1c, 0x00, 0x80, 0x00, 0x00,
  0x00, 0x00, 0x00, 0x02, 0x8f, 0xff, 0x00, 0xff, 0x00, 0xff, 0x00, 0xff, 0x00, 0x80, 0x00, 0x00,
  0x00, 0x20, 0x00, 0x00, 0x00, 0x00, 0x00, 0x02, 0x8f, 0xff, 0x00, 0xff, 0x00, 0xff, 0x00, 0xff,
  0x00, 0x00, 0x00, 0x00, 0x00, 0x00, 0x00, 0x00, 0x00, 0x00, 0x00, 0x02, 0x8f, 0xff, 0x00, 0xff,
  0x00, 0xff, 0x00, 0xff, 0x00, 0x80, 0x00, 0x00, 0x00, 0x00, 0x00, 0x00, 0x00, 0x00, 0x00, 0x02,
  0x8f, 0xff, 0x00, 0xff, 0x00, 0xff, 0x00, 0xff, 0x00, 0x60, 0x00, 0x00, 0x00, 0x00, 0x00, 0x00,
  0x00, 0x00, 0x00, 0x02, 0x8f, 0xff, 0x00, 0xff, 0x00, 0xff, 0x00, 0xff, 0x00, 0xe0, 0x00, 0x00,
  0x00, 0x00, 0x00, 0x00, 0x00, 0x00, 0x00, 0x02, 0x8f, 0xff, 0x00, 0xff, 0x00, 0xff, 0x00, 0xff,
  0x00, 0xe0, 0x00, 0x00, 0x00, 0x00, 0x00, 0x00, 0x00, 0x00, 0x00, 0x02, 0x8f, 0xff, 0x00, 0xff,
  0x00, 0xff, 0x00, 0xff, 0x00, 0xe0, 0x00, 0x00, 0x00, 0x00, 0x00, 0x00, 0x00, 0x00, 0x00, 0x02,
  0x8f, 0xff, 0x00, 0xff, 0x00, 0xff, 0x00, 0xff, 0x00, 0x44, 0x00, 0x00, 0x00, 0x00, 0x00, 0x00,
  0x00, 0x00, 0x00, 0x02, 0x8f, 0xff, 0x00, 0xff, 0x00, 0xff, 0x00, 0xff, 0x00, 0x98, 0x00, 0x00,
  0x00, 0x00, 0x00, 0x00, 0x00, 0x00, 0x00, 0x02, 0x8f, 0xff, 0x00, 0xff, 0x00, 0xff, 0x00, 0xff,
  0x00, 0x69, 0x00, 0x00, 0x00, 0x00, 0x00, 0x00, 0x00, 0x00, 0x00, 0x02, 0x8f, 0xff, 0x00, 0xff,
  0x00, 0xff, 0x00, 0xff, 0x00, 0xdd, 0x00, 0x00, 0x00, 0x00, 0x00, 0x00, 0x00, 0x00, 0x01, 0x40,
  0xff, 0x00, 0xff, 0x00, 0xff, 0x00, 0xff, 0x00, 0xff, 0x00, 0xf7, 0x00, 0x00, 0x00, 0x00, 0x00,
  0x00, 0x00, 0x00, 0x00, 0xdd, 0x7f, 0xff, 0x00, 0xff, 0x00, 0xff, 0x00, 0xff, 0x00, 0xbf, 0x00,
  0x00, 0x00, 0x00, 0x00, 0x00, 0x00, 0x00, 0x00, 0x1b, 0x8f, 0xff, 0x00, 0xff, 0x00, 0xff, 0x00,
  0xff, 0x00, 0xbd, 0xec, 0x00, 0x00, 0x00, 0x00, 0x00, 0x00, 0x00, 0x00, 0xb4, 0x4f, 0xff, 0x00,
  0xff, 0x00, 0xff, 0x00, 0xff, 0x00, 0x81, 0xd8, 0x00, 0x00, 0x00, 0x00, 0x00, 0x00, 0x00, 0x01,
  0x50, 0x4f, 0xff, 0x00, 0xff, 0x00, 0xff, 0x00, 0xff, 0x00, 0xfe, 0x08, 0x00, 0x00, 0x00, 0x00,
  0x00, 0x00, 0x00, 0x01, 0x58, 0x4f, 0xff, 0x00, 0xff, 0x00, 0xff, 0x00, 0xff, 0x00, 0xfe, 0x74,
  0x00, 0x00, 0x00, 0x00, 0x00, 0x00, 0x00, 0x01, 0x5e, 0x4f, 0xff, 0x00, 0xff, 0x00, 0xff, 0x00,
  0xff, 0x00, 0xfe, 0xbc, 0x00, 0x38, 0x00, 0x00, 0x00, 0x00, 0x00, 0xa3, 0x7e, 0x4f, 0xff, 0x00,
  0xff, 0x00, 0xff, 0x00, 0xff, 0x00, 0xff, 0x00, 0xf7, 0xff, 0x00, 0x80, 0x00, 0x00, 0x00, 0x00,
  0x00, 0x0c, 0x7f, 0xff, 0x00, 0xff, 0x00, 0xff, 0x00, 0xff, 0x00, 0xff, 0x00, 0xff, 0x00, 0xf2,
  0x00, 0x40, 0x00, 0x00, 0x00, 0x00, 0x00, 0x32, 0x5f, 0xff, 0x00, 0xff, 0x00, 0xff, 0x00, 0xff,
  0x00, 0xff, 0x00, 0xff, 0x00, 0xfc, 0x00, 0x58, 0x00, 0x00, 0x00, 0x00, 0x00, 0x3b, 0x7f, 0xff,
  0x00, 0xff, 0x00, 0xff, 0x00, 0xff, 0x00, 0xff, 0x00, 0xff, 0x00, 0xfe, 0x00, 0x90, 0x00, 0x00,
  0x00, 0x00, 0x01, 0x11, 0x1f, 0xff, 0x00, 0xff, 0x00, 0xff, 0x00, 0xff, 0x00, 0xff, 0x00, 0xff,
  0x00, 0xfe, 0x00, 0x90, 0x00, 0x00, 0x00, 0x00, 0x01, 0x1b, 0x1f, 0xff, 0x00, 0xff, 0x00, 0xff,
  0x00, 0xff, 0x00, 0xff, 0x00, 0xff, 0x00, 0xfe, 0x02, 0x10, 0x00, 0x00, 0x00, 0x00, 0x00, 0x0f,
  0x1f, 0xff, 0x00, 0xff, 0x00, 0xff, 0x00, 0xff, 0x00, 0xff, 0x00, 0xff, 0x00, 0xfe, 0x06, 0x10,
  0x00, 0x00, 0x00, 0x00, 0x0d, 0xcf, 0x9f, 0xff, 0x00, 0xff, 0x00, 0xff, 0x00, 0xff, 0x00, 0xff,
  0x00, 0xff, 0x00, 0xfe, 0x14, 0x10, 0x00, 0x00, 0x00, 0x00, 0x04, 0xbf, 0x5f, 0xff, 0x00, 0xff,
  0x00, 0xff, 0x00, 0xff, 0x00, 0xff, 0x00, 0xff, 0x00, 0xfe, 0x28, 0x10, 0x00, 0x00, 0x00, 0x00,
  0x01, 0x40, 0x9f, 0xff, 0x00, 0xff, 0x00, 0xff, 0x00, 0xff, 0x00, 0xff, 0x00, 0xff, 0x00, 0xfe,
  0x50, 0x10, 0x00, 0x00, 0x00, 0x00, 0x0a, 0x80, 0xdf, 0xff, 0x00, 0xff, 0x00, 0xff, 0x00, 0xff,
  0x00, 0xff, 0x00, 0xff, 0x00, 0xfe, 0xc0, 0x10, 0x00, 0x00, 0x00, 0x00, 0x00, 0x80, 0xdf, 0xff,
  0x00, 0xff, 0x00, 0xff, 0x00, 0xff, 0x00, 0xff, 0x00, 0xff, 0x00, 0xff, 0x00, 0xc0, 0x10, 0x00,
  0x00, 0x00, 0x00, 0x00, 0x80, 0xdf, 0xff, 0x00, 0xff, 0x00, 0xff, 0x00, 0xff, 0x00, 0xff, 0x00,
  0xff, 0x00, 0xfd, 0x7f, 0xd2, 0x00, 0x00, 0x10, 0x08, 0x0e, 0x80, 0xdf, 0xff, 0x00, 0xff, 0x00,
  0xff, 0x00, 0xff, 0x00, 0xff, 0x00, 0xff, 0x00, 0xf8, 0xff, 0x00, 0xda, 0x00, 0x00, 0x3c, 0x38,
  0x0f, 0xc0, 0xdf, 0xff, 0x00, 0xff, 0x00, 0xff, 0x00, 0xff, 0x00, 0xff, 0x00, 0xff, 0x00, 0xf1,
  0xff, 0x00, 0xdc, 0x00, 0x00, 0x37, 0x88, 0x0f, 0xf0, 0x7f, 0xff, 0x00, 0xff, 0x00, 0xff, 0x00,
  0xff, 0x00, 0xff, 0x00, 0xff, 0x00, 0xf4, 0x00, 0x0e, 0x00, 0x00, 0x12, 0xc8, 0x07, 0xe0, 0x3f,
  0xff, 0x00, 0xff, 0x00, 0xff, 0x00, 0xff, 0x00, 0xff, 0x00, 0xff, 0x00, 0xf4, 0x00, 0x2b, 0x00,
  0x00, 0x11, 0x20, 0x0b, 0xff, 0x00, 0xdf, 0xff, 0x00, 0xff, 0x00, 0xff, 0x00, 0xff, 0x00, 0xff,
  0x00, 0xff, 0x00, 0xf4, 0x00, 0x2a, 0x00, 0x00, 0x18, 0xa0, 0x0f, 0xff, 0x00, 0xdf, 0xff, 0x00,
  0xff, 0x00, 0xff, 0x00, 0xff, 0x00, 0xff, 0x00, 0xff, 0x00, 0xf4, 0x00, 0x23, 0x00, 0x00, 0x1d,
  0xa0, 0x08, 0x00, 0x3f, 0xff, 0x00, 0xff, 0x00, 0xff, 0x00, 0xff, 0x00, 0xff, 0x00, 0xff, 0x00,
  0xf0, 0x00, 0x3e, 0x80, 0x0e, 0x26, 0x3c, 0x07, 0xff, 0x00, 0xff, 0x00, 0xff, 0x00, 0xff, 0x00,
  0xff, 0x00, 0xff, 0x00, 0xff, 0x00, 0xff, 0x00, 0xf7, 0xff, 0x00, 0xfe, 0x00, 0x05, 0xe6, 0x5f,
  0x8f, 0xff, 0x00, 0xff, 0x00, 0xff, 0x00, 0xff, 0x00, 0xff, 0x00, 0xff, 0x00, 0xff, 0x00, 0xff,
  0x00, 0xf0, 0x00, 0x00, 0x00, 0x0e, 0x1f, 0xe5, 0x83, 0xff, 0x00, 0xff, 0x00, 0xff, 0x00, 0xff,
  0x00, 0xff, 0x00, 0xff, 0x00, 0xff, 0x00, 0xff, 0x00, 0xff, 0x00, 0xff, 0x00, 0xfe, 0x00, 0x10,
  0x1f, 0xe7, 0x07, 0xff, 0x00, 0xff, 0x00, 0xff, 0x00, 0xff, 0x00, 0xff, 0x00, 0xff, 0x00, 0xff,
  0x00, 0xff, 0x00, 0xf0, 0x00, 0x00, 0x00, 0x1b, 0x1f, 0xe4, 0x8f, 0xfb, 0xff, 0x00, 0xff, 0x00,
  0xff, 0x00, 0xff, 0x00, 0xff, 0x00, 0xff, 0x00, 0xff, 0x00, 0xf0, 0x00, 0x00, 0x00, 0x19, 0x1f,
  0xe4, 0x8f, 0xfa, 0x1f, 0xff, 0x00, 0xff, 0x00, 0xff, 0x00, 0xff, 0x00, 0xff, 0x00, 0xff, 0x00,
  0xf0, 0x00, 0x00, 0x03, 0xd7, 0x9f, 0xe8, 0x8f, 0xf6, 0x3f, 0xff, 0x00, 0xff, 0x00, 0xff, 0x00,
  0xff, 0x00, 0xff, 0x00, 0xff, 0x00, 0xf0, 0x00, 0x00, 0x04, 0x18, 0x7f, 0x90, 0x8f, 0xfa, 0x3f,
  0xff, 0x00, 0xff, 0x00, 0xff, 0x00, 0xff, 0x00, 0xff, 0x00, 0xff, 0x00, 0xf0, 0x00, 0x00, 0x06,
  0xf7, 0xdf, 0xe0, 0x8f, 0x92, 0x3f, 0xff, 0x00, 0xff, 0x00, 0xff, 0x00, 0xff, 0x00, 0xff, 0x00,
  0xff, 0x00, 0xf0, 0x00, 0x00, 0x19, 0xf0, 0x20, 0x40, 0x8f, 0x02, 0x3f, 0xff, 0x00, 0xff, 0x00,
  0xff, 0x00, 0xff, 0x00, 0xff, 0x00, 0xff, 0x00, 0xf0, 0x00, 0x00, 0x00, 0x18, 0x04, 0x00, 0x8f,
  0x82, 0x3f, 0xff, 0x00, 0xff, 0x00, 0xff, 0x00, 0xff, 0x00, 0xff, 0x00, 0xff, 0x00, 0xf0, 0x00,
  0x00, 0x0f, 0x04, 0x04, 0x00, 0x8d, 0x02, 0x3f, 0xff, 0x00, 0xff, 0x00, 0xff, 0x00, 0xff, 0x00,
  0xff, 0x00, 0xff, 0x00, 0xff, 0x00, 0xff, 0x00, 0xff, 0x00, 0x0e, 0x0c, 0x00, 0x00, 0x80, 0x02,
  0x3f, 0xff, 0x00, 0xff, 0x00, 0xff, 0x00, 0xff, 0x00, 0xff, 0x00, 0xff, 0x00, 0xff, 0x00, 0xff,
  0x00, 0xfe, 0x80, 0x0c, 0x02, 0x00, 0x8c, 0x02, 0x3f, 0xff, 0x00, 0xff, 0x00, 0xff, 0x00, 0xff,
  0x00, 0xff, 0x00, 0xff, 0x00, 0xf0, 0x00, 0x01, 0x80, 0x0c, 0x00, 0x00, 0x00, 0x02, 0x3f, 0xff,
  0x00, 0xff, 0x00, 0xff, 0x00, 0xff, 0x00, 0xff, 0x00, 0xff, 0x00, 0xf0, 0x00, 0x01, 0x00, 0x0c,
  0x00, 0x00, 0x00, 0x02, 0x3f, 0xff, 0x00, 0xff, 0x00, 0xff, 0x00, 0xff, 0x00, 0xff, 0x00, 0xff,
  0x00, 0xff, 0x00, 0xff, 0x00, 0xfe, 0x00, 0x04, 0x02, 0x01, 0x80, 0x02, 0x3f, 0xff, 0x00, 0xff,
  0x00, 0xff, 0x00, 0xff, 0x00, 0xff, 0x00, 0xff, 0x00, 0xf0, 0x00, 0x01, 0x00, 0x07, 0xfd, 0x01,
  0x00, 0x0d, 0xff, 0x00, 0xff, 0x00, 0xff, 0x00, 0xff, 0x00, 0xff, 0x00, 0xff, 0x00, 0xff, 0x00,
  0xf0, 0x00, 0x00, 0x7f, 0xe8, 0x02, 0x00, 0xff, 0x00, 0xfd, 0xff, 0x00, 0xff, 0x00, 0xff, 0x00,
  0xff, 0x00, 0xff, 0x00, 0xff, 0x00, 0xff, 0x00, 0xf0, 0x00, 0x00, 0xff, 0x00, 0xeb, 0xfc, 0x00,
  0x7f, 0xf0, 0x3f, 0xff, 0x00, 0xff, 0x00, 0xff, 0x00, 0xff, 0x00, 0xff, 0x00, 0xff, 0xc4, 0x00,
  0x2b, 0x10, 0x00, 0x02, 0x01, 0x02, 0x03, 0x07, 0x04, 0x03, 0x01, 0x01, 0x00, 0x00, 0x00, 0x00,
  0x00, 0x00, 0x00, 0x01, 0x11, 0x21, 0x31, 0x41, 0x51, 0xa1, 0x10, 0x20, 0x50, 0x61, 0x71, 0xf0,
  0xf1, 0x30, 0x60, 0x91, 0xb1, 0x40, 0x81, 0xc1, 0xd1, 0xe1, 0xff, 0xda, 0x00, 0x08, 0x01, 0x01,
  0x00, 0x01, 0x3f, 0x10, 0xf6, 0x06, 0x04, 0x49, 0xbb, 0x34, 0x73, 0x0b, 0xe2, 0x27, 0x94, 0x35,
  0xd0, 0xee, 0xa3, 0xba, 0x8e, 0xea, 0x22, 0x41, 0xbe, 0x84, 0xf8, 0x3e, 0x0e, 0x4b, 0xe0, 0xe4,
  0xbe, 0x0e, 0x4b, 0xe0, 0xe4, 0xbe, 0x0e, 0x4b, 0xe0, 0xe4, 0xbe, 0x0e, 0x4b, 0xe0, 0xe4, 0xbe,
  0x0e, 0x4b, 0xe0, 0xe4, 0xbe, 0x0e, 0x4b, 0xe0, 0xe4, 0xbe, 0x0e, 0x4b, 0xe0, 0xe4, 0xbe, 0x0e,
  0x4b, 0xe0, 0xe4, 0xbe, 0x0e, 0x4b, 0xe0, 0xe4, 0xbe, 0x0e, 0x4b, 0xe0, 0xe4, 0xbe, 0x0e, 0x4b,
  0xe0, 0xe4, 0xbe, 0x0e, 0x4b, 0xe0, 0xe4, 0xbe, 0x0e, 0x4b, 0xe0, 0xe4, 0xbe, 0x0e, 0x4b, 0xe0,
  0xe4, 0xbe, 0x0e, 0x4b, 0xe0, 0xe4, 0xbe, 0x0e, 0x4b, 0xe0, 0xe4, 0xbe, 0x0e, 0x4b, 0xe0, 0xe4,
  0xbe, 0x0e, 0x4b, 0xe0, 0xe4, 0xbe, 0x0e, 0x4b, 0xe0, 0xe4, 0xbe, 0x0e, 0x4b, 0xe0, 0xe4, 0xbe,
  0x0e, 0x4b, 0xe0, 0xe4, 0xbe, 0x0e, 0x4b, 0xe0, 0xe4, 0xbe, 0x0e, 0x4b, 0xe0, 0xe4, 0xbe, 0x08,
  0x55, 0x9f, 0x03, 0x12, 0xa9, 0x37, 0x90, 0xa5, 0x31, 0xac, 0x8e, 0xda, 0x3b, 0x68, 0xed, 0xa1,
  0x54, 0x3b, 0xd9, 0x41, 0xd1, 0x22, 0x30, 0x2f, 0x7e, 0xc1, 0xc1, 0xa1, 0x1e, 0x96, 0x9b, 0xde,
  0x83, 0x53, 0x0f, 0x0a, 0x48, 0x6a, 0x95, 0x5c, 0x9e, 0xe5, 0x8f, 0x0f, 0xc0, 0xd5, 0x0b, 0x47,
  0x6a, 0x49, 0xa1, 0xbb, 0x10, 0x24, 0x2a, 0x61, 0x34, 0x0d, 0xcb, 0xe8, 0x60, 0x5e, 0xfd, 0x83,
  0x83, 0x4b, 0xb2, 0x5a, 0xaa, 0x84, 0x98, 0xee, 0xd5, 0x31, 0xc0, 0x52, 0xa3, 0xb2, 0xeb, 0x2d,
  0xb6, 0x3c, 0x3f, 0x03, 0x54, 0x2d, 0x1d, 0x8a, 0xf3, 0x8d, 0xc5, 0x04, 0x64, 0xde, 0x24, 0xf0,
  0x1b, 0x6e, 0x98, 0x2b, 0x18, 0x98, 0x17, 0xbf, 0x60, 0xe0, 0xd2, 0xed, 0x69, 0x01, 0x46, 0x1c,
  0xe0, 0x2d, 0x89, 0x6b, 0x15, 0x61, 0x0c, 0xd6, 0x34, 0x3d, 0x96, 0x3c, 0x3f, 0x03, 0x54, 0x2d,
  0x11, 0x65, 0x52, 0x52, 0x92, 0x9b, 0x5d, 0x34, 0x37, 0x2f, 0x66, 0x26, 0x05, 0xef, 0xd8, 0x38,
  0x34, 0xbb, 0x71, 0x20, 0xea, 0xf6, 0x05, 0x7a, 0x25, 0xca, 0x31, 0x25, 0xb4, 0xe6, 0x6b, 0x43,
  0x28, 0x67, 0x34, 0xdc, 0x4e, 0xb5, 0x26, 0x5d, 0x09, 0xc4, 0xc9, 0x05, 0x46, 0xaa, 0x49, 0x24,
  0x93, 0xb1, 0x0f, 0x80, 0xb4, 0xb6, 0x86, 0xb1, 0x98, 0xe9, 0x84, 0xa5, 0xc5, 0xd4, 0x4c, 0x6e,
  0x36, 0xda, 0x5d, 0xf6, 0xe2, 0x60, 0x5e, 0xfd, 0x80, 0xc9, 0xb5, 0x89, 0x2c, 0x15, 0x04, 0x8a,
  0xaa, 0x4f, 0x3c, 0x79, 0xe3, 0xcf, 0x0d, 0xff, 0x00, 0xe8, 0x55, 0xa1, 0xc4, 0xc9, 0xca, 0x94,
  0xec, 0x88, 0x8c, 0x67, 0x72, 0x61, 0xd4, 0xa3, 0x7a, 0x95, 0x6e, 0x37, 0x76, 0xe0, 0x9d, 0x87,
  0x44, 0x2a, 0xf0, 0x1a, 0x8c, 0x58, 0x61, 0x02, 0xbb, 0x59, 0x55, 0xd9, 0x22, 0xb1, 0xbe, 0xa7,
  0x9e, 0x3c, 0xf1, 0xe7, 0x8c, 0x6a, 0x5d, 0x4a, 0x1f, 0xd0, 0x72, 0xe0, 0x7e, 0xc0, 0x94, 0x63,
  0x0f, 0xb0, 0x9c, 0xbf, 0xb4, 0x79, 0x13, 0xc8, 0x9e, 0x44, 0x5c, 0xe4, 0x28, 0x8e, 0x0f, 0x52,
  0x33, 0x8d, 0xbe, 0x65, 0x24, 0x96, 0xe6, 0x1d, 0x37, 0x1d, 0x14, 0xf1, 0x28, 0x35, 0xd8, 0x5b,
  0x6f, 0x53, 0x91, 0x2b, 0x45, 0x46, 0x3b, 0x70, 0x22, 0x6d, 0x3a, 0xd8, 0x69, 0xd4, 0x96, 0x8d,
  0x17, 0x46, 0x32, 0xaa, 0xbd, 0x4f, 0x22, 0x79, 0x13, 0xc8, 0x8d, 0xaf, 0xdc, 0x8d, 0x73, 0x62,
  0x9d, 0x5f, 0xfb, 0xf6, 0x04, 0xee, 0x60, 0xfb, 0x13, 0xae, 0xf7, 0x08, 0xdd, 0x8c, 0x0c, 0x20,
  0x85, 0xb8, 0xcd, 0x4a, 0xe8, 0x2a, 0x56, 0x0b, 0xf3, 0x25, 0xe8, 0x54, 0xae, 0x3b, 0x85, 0xab,
  0x4a, 0xac, 0x66, 0xdd, 0xba, 0x91, 0x32, 0x2e, 0xa0, 0xc5, 0xc0, 0x5c, 0x34, 0x25, 0x05, 0x26,
  0xc3, 0xbe, 0xe5, 0x06, 0x95, 0x42, 0xef, 0x60, 0x34, 0x8f, 0xbf, 0x51, 0xda, 0x91, 0xa1, 0xfa,
  0x8d, 0x4a, 0x48, 0xb2, 0x58, 0x8f, 0x08, 0x89, 0x53, 0x62, 0xd2, 0x2e, 0x2e, 0xe5, 0x97, 0x44,
  0x2c, 0x4c, 0x5c, 0x27, 0x0f, 0x60, 0xdd, 0x23, 0xef, 0xd4, 0x76, 0xa4, 0xbf, 0xd4, 0x4e, 0x1c,
  0xa1, 0xf5, 0x1d, 0x45, 0x5f, 0xf4, 0x09, 0xc2, 0x5d, 0x1b, 0xd9, 0x74, 0x42, 0xc4, 0xc5, 0xc2,
  0x70, 0xf6, 0x0d, 0xd2, 0x3e, 0xfd, 0x47, 0x23, 0xfd, 0xa6, 0xbb, 0x65, 0x03, 0xbc, 0xe9, 0x44,
  0x31, 0x78, 0x5e, 0x43, 0x01, 0x56, 0x98, 0xab, 0xa1, 0x2b, 0x15, 0xc5, 0x88, 0xa9, 0x7e, 0x13,
  0x87, 0xb0, 0x6e, 0x91, 0xf7, 0xea, 0x39, 0xd9, 0x18, 0x48, 0xb2, 0x75, 0x22, 0x10, 0xb6, 0x34,
  0x92, 0x93, 0x54, 0x39, 0x1a, 0xa1, 0x37, 0xd0, 0x2d, 0x2c, 0x55, 0x36, 0x18, 0x95, 0x47, 0x09,
  0xc3, 0xd8, 0x37, 0x48, 0xfb, 0xf5, 0x1c, 0xe8, 0xf4, 0x93, 0x78, 0x89, 0xa6, 0x99, 0xe6, 0x3f,
  0xfa, 0x22, 0xff, 0x00, 0xb2, 0x79, 0x13, 0xc8, 0x89, 0x7a, 0x8e, 0xea, 0x49, 0xac, 0x9b, 0xba,
  0xc0, 0xa8, 0xcc, 0x47, 0xc2, 0x70, 0xf6, 0x0d, 0xd2, 0x3e, 0xfd, 0x47, 0x35, 0xf0, 0x31, 0xb9,
  0xd1, 0x2b, 0xa9, 0x0a, 0xfe, 0xe2, 0x72, 0xfe, 0xa7, 0x91, 0x3c, 0x89, 0xe4, 0x47, 0x76, 0xbe,
  0x6c, 0x7c, 0x2f, 0x0f, 0x60, 0xdd, 0x23, 0xef, 0xd4, 0x74, 0x26, 0x49, 0x1d, 0x44, 0xe1, 0x47,
  0x10, 0xc3, 0xd8, 0x37, 0x48, 0xfb, 0xe3, 0xee, 0xc3, 0xd8, 0x37, 0x48, 0xfb, 0xe3, 0xee, 0xc3,
  0xd8, 0x37, 0x48, 0xfb, 0xe3, 0xee, 0xc3, 0xd8, 0x37, 0x48, 0xfb, 0xe3, 0xee, 0xc3, 0xd8, 0x37,
  0x48, 0xfb, 0xe3, 0xee, 0xc3, 0xd8, 0x37, 0x48, 0xfb, 0xe3, 0xee, 0xc3, 0xd8, 0x37, 0x48, 0xfb,
  0xe3, 0xee, 0xc3, 0xd8, 0x37, 0x48, 0xfb, 0xe3, 0xee, 0xc3, 0xd8, 0x37, 0x48, 0xfb, 0xe3, 0xee,
  0xc3, 0xd8, 0x37, 0x48, 0xfb, 0xe3, 0xee, 0xc3, 0xd8, 0x37, 0x48, 0xfb, 0xe3, 0xee, 0xc3, 0xd8,
  0x37, 0x48, 0xfb, 0xe3, 0xee, 0xc3, 0xd8, 0x35, 0xc2, 0xe9, 0x5a, 0x0b, 0xcc, 0x1f, 0x1e, 0x61,
  0xec, 0x1b, 0x02, 0x17, 0x9e, 0xa7, 0x1e, 0xc3, 0xd8, 0x54, 0xce, 0xb3, 0x8f, 0x61, 0xec, 0x1a,
  0xa5, 0x3a, 0x8e, 0x3d, 0x87, 0xb0, 0xad, 0x9d, 0x67, 0xe6, 0xa7, 0x56, 0x99, 0x5a, 0xdc, 0x06,
  0xdd, 0x70, 0x17, 0xe3, 0x1f, 0xff, 0x00, 0xff, 0x00, 0xff, 0x00, 0xff, 0x00, 0xff, 0x00, 0xff,
  0x00, 0xff, 0x00, 0xfa, 0x45, 0x3e, 0xcc, 0x59, 0x98, 0xc7, 0x91, 0xcd, 0x1c, 0xd1, 0xcd, 0x0a,
  0x79, 0x90, 0x86, 0x31, 0x26, 0xcc, 0x5e, 0xc1, 0xb3, 0xac, 0xfc, 0xd4, 0xd3, 0x63, 0x1a, 0xa3,
  0x28, 0xc9, 0xa6, 0x85, 0xc8, 0x89, 0x59, 0x22, 0x56, 0x48, 0x95, 0x92, 0x25, 0x64, 0x89, 0x59,
  0x22, 0x56, 0x48, 0x95, 0x92, 0x25, 0x64, 0x89, 0x59, 0x22, 0x56, 0x48, 0x95, 0x92, 0x25, 0x64,
  0x89, 0x59, 0x22, 0x56, 0x48, 0x95, 0x92, 0x25, 0x64, 0x89, 0x59, 0x22, 0x56, 0x48, 0x95, 0x92,
  0x25, 0x64, 0x89, 0x59, 0x22, 0x99, 0x22, 0x13, 0x64, 0x3a, 0x85, 0xf4, 0x0d, 0xaf, 0xf3, 0x09,
  0xaf, 0xf8, 0x12, 0xbf, 0xe0, 0x4a, 0xff, 0x00, 0x80, 0xca, 0x3f, 0x80, 0xd0, 0xfe, 0x43, 0xa8,
  0x7f, 0x47, 0xb0, 0x6c, 0xeb, 0x3f, 0x37, 0xa0, 0xe0, 0x64, 0xa8, 0x5d, 0x09, 0x51, 0xf8, 0xf7,
  0x22, 0xd4, 0x32, 0xb6, 0xd8, 0x58, 0x5a, 0xfd, 0x83, 0x67, 0x59, 0xf9, 0xa8, 0x25, 0x05, 0xaa,
  0xa7, 0x59, 0x14, 0xfc, 0x6b, 0x91, 0x6a, 0x19, 0x5b, 0x6c, 0x2c, 0x2d, 0x7e, 0xc1, 0xb3, 0xac,
  0xfc, 0xd7, 0xb0, 0x60, 0xba, 0x6d, 0x82, 0x44, 0xc9, 0x93, 0x26, 0x4c, 0x99, 0x32, 0x64, 0xc9,
  0x93, 0x29, 0x48, 0xd4, 0x0b, 0x8d, 0x2d, 0xb0, 0x43, 0x36, 0xa5, 0xb7, 0x52, 0xdd, 0xb9, 0x16,
  0xa1, 0x95, 0xb6, 0xc2, 0xc2, 0xd7, 0xec, 0x1b, 0x3a, 0xcf, 0xcd, 0x7b, 0x06, 0x0b, 0xa6, 0xd4,
  0xa3, 0xd5, 0x62, 0xef, 0xd9, 0xcb, 0x8d, 0x31, 0x61, 0x9d, 0x62, 0x87, 0x08, 0xb9, 0xe4, 0x3e,
  0xe8, 0x26, 0x27, 0x36, 0xd9, 0x72, 0x2d, 0x43, 0x2b, 0x6d, 0x85, 0x85, 0xaf, 0xd8, 0x36, 0x75,
  0x9f, 0x9b, 0x45, 0xf6, 0x0c, 0x17, 0x42, 0xe2, 0x51, 0xeb, 0x31, 0x77, 0xef, 0x6c, 0x4d, 0x1c,
  0xa3, 0xa8, 0x4b, 0x89, 0x96, 0x43, 0x2c, 0x27, 0x18, 0x15, 0xbd, 0x4d, 0x2d, 0xe8, 0x5c, 0x8b,
  0x50, 0xca, 0xdb, 0x61, 0x61, 0x6b, 0xf6, 0x0d, 0x9d, 0x67, 0xe6, 0xb8, 0x16, 0x24, 0xc0, 0xec,
  0xe2, 0x55, 0x87, 0x49, 0x2b, 0xd7, 0x62, 0xef, 0xde, 0xec, 0x41, 0x09, 0x8f, 0xe7, 0xd1, 0x72,
  0x85, 0x95, 0x52, 0x11, 0x6d, 0x91, 0x64, 0x8c, 0xad, 0xb6, 0x16, 0x16, 0xbf, 0x60, 0xd9, 0xd6,
  0x7e, 0x6b, 0x4e, 0xa2, 0x65, 0xc8, 0x22, 0x9a, 0x0a, 0x24, 0x8a, 0x2f, 0x5f, 0x6d, 0xb6, 0xdb,
  0x6d, 0xb6, 0xce, 0x32, 0xba, 0x86, 0x1c, 0x9d, 0x09, 0x59, 0x92, 0xb3, 0x25, 0x66, 0x4a, 0xcc,
  0x95, 0x99, 0x06, 0xa1, 0xb9, 0x59, 0x0c, 0x4a, 0xe3, 0xc4, 0x78, 0xd2, 0xae, 0x71, 0x55, 0x6d,
  0xb0, 0xb0, 0xb5, 0xfb, 0x06, 0xce, 0xb3, 0xf3, 0x54, 0x10, 0x27, 0x14, 0x20, 0xd4, 0x4b, 0x14,
  0x1c, 0x1b, 0x92, 0x39, 0xb2, 0x39, 0xb2, 0x39, 0xb2, 0x39, 0xb2, 0x39, 0xb2, 0x39, 0xb2, 0x39,
  0xb2, 0x39, 0xb2, 0x39, 0xb2, 0x39, 0xb2, 0x39, 0xb2, 0x39, 0xb2, 0x39, 0xb2, 0x39, 0xb3, 0x98,
  0xc4, 0x6a, 0x49, 0xbb, 0xfa, 0x32, 0x01, 0x95, 0x74, 0x1e, 0x11, 0x72, 0x0a, 0xab, 0x65, 0x85,
  0x85, 0xaf, 0xd8, 0x2e, 0x5d, 0x3e, 0xa7, 0xe3, 0x39, 0x73, 0x27, 0xa0, 0x74, 0xcc, 0x92, 0xac,
  0x49, 0x24, 0x93, 0x16, 0x27, 0x91, 0x25, 0x26, 0x62, 0xa4, 0x92, 0x49, 0x24, 0x92, 0x49, 0x24,
  0x92, 0x49, 0x24, 0x92, 0x27, 0x29, 0xc8, 0xc6, 0xd5, 0xc4, 0x55, 0x54, 0x43, 0x22, 0x19, 0x10,
  0xc8, 0x86, 0x44, 0x32, 0x21, 0x91, 0x0c, 0x88, 0x64, 0x32, 0x4a, 0x43, 0x7a, 0x9b, 0x6d, 0x36,
  0x58, 0x58, 0x5a, 0xfd, 0x80, 0xd5, 0x64, 0x05, 0x61, 0x7c, 0xff, 0x00, 0x19, 0xac, 0x4b, 0x1a,
  0x2a, 0x48, 0xbd, 0x84, 0xae, 0x24, 0x92, 0x49, 0x24, 0x92, 0x49, 0x24, 0x92, 0x49, 0x24, 0x92,
  0x49, 0x24, 0x92, 0x49, 0x24, 0x91, 0x54, 0x42, 0x87, 0x31, 0xf4, 0xfd, 0x20, 0x03, 0x87, 0x21,
  0x34, 0xf3, 0x18, 0x97, 0x2d, 0x71, 0x93, 0x54, 0x2c, 0x2d, 0x7e, 0xc0, 0x43, 0xdb, 0x05, 0x0b,
  0x4f, 0xc5, 0x60, 0x23, 0x6d, 0x23, 0xa0, 0xc2, 0x2c, 0x22, 0x0f, 0x4c, 0x25, 0x50, 0x51, 0xec,
  0x6e, 0xff, 0x00, 0xfe, 0x1d, 0xff, 0x00, 0xfc, 0x3b, 0xff, 0x00, 0xf8, 0x77, 0xff, 0x00, 0xf0,
  0xef, 0xff, 0x00, 0xe1, 0xdf, 0xff, 0x00, 0xc3, 0xbf, 0xff, 0x00, 0x87, 0x7f, 0xff, 0x00, 0x0e,
  0xff, 0x00, 0xfe, 0x1d, 0xff, 0x00, 0xfc, 0x3b, 0xff, 0x00, 0xf8, 0x77, 0xff, 0x00, 0xf0, 0xef,
  0xff, 0x00, 0xe1, 0xdf, 0xff, 0x00, 0xc3, 0xbf, 0xff, 0x00, 0x87, 0x7f, 0xff, 0x00, 0x0e, 0xff,
  0x00, 0xfe, 0x1d, 0xff, 0x00, 0xfc, 0x29, 0xf7, 0xff, 0x00, 0x06, 0x3b, 0xbb, 0xe4, 0x21, 0x32,
  0x6f, 0x0c, 0x5f, 0x2d, 0x08, 0xcc, 0xeb, 0x14, 0xec, 0xf3, 0x03, 0xcc, 0x0f, 0x30, 0x3c, 0xc0,
  0xf3, 0x03, 0xcc, 0x0f, 0x30, 0x3c, 0xc0, 0xf3, 0x03, 0xcc, 0x0b, 0xb4, 0x2f, 0x51, 0x0f, 0xcc,
  0x2c, 0x7f, 0x08, 0x1d, 0x97, 0xc0, 0xbd, 0xc0, 0xea, 0x8f, 0xe0, 0x9e, 0x09, 0xc8, 0xa1, 0x6a,
  0x21, 0x34, 0x66, 0xc2, 0xd5, 0x0a, 0x52, 0x0e, 0x90, 0x3b, 0x16, 0xc1, 0xe3, 0x83, 0x42, 0xe7,
  0xf8, 0xd2, 0xe5, 0xcb, 0x97, 0x2e, 0x5c, 0xb9, 0x72, 0xe5, 0xcb, 0x97, 0x2e, 0x5c, 0xb9, 0x72,
  0xe5, 0xcb, 0x97, 0x2e, 0x35, 0xb4, 0x9a, 0xe5, 0xc1, 0x30, 0x8a, 0x49, 0x4a, 0x7e, 0xcf, 0x12,
  0x78, 0x93, 0xc4, 0x9e, 0x24, 0xf1, 0x27, 0x89, 0x3c, 0x49, 0xe2, 0x44, 0x84, 0x95, 0x5c, 0x86,
  0x00, 0xb8, 0xb6, 0xb5, 0x4d, 0x83, 0x53, 0xab, 0x56, 0x84, 0x55, 0x82, 0x2e, 0x52, 0x69, 0x4f,
  0xd9, 0xe2, 0xd7, 0xfa, 0x78, 0xb5, 0xfe, 0x9e, 0x2d, 0x7f, 0xa7, 0x77, 0x89, 0xdd, 0xe2, 0x62,
  0xaf, 0x6e, 0x42, 0x9b, 0x8e, 0xff, 0x00, 0x82, 0xe8, 0xef, 0xf8, 0x20, 0x95, 0xde, 0x91, 0x31,
  0x4c, 0x53, 0x14, 0xc5, 0x31, 0x32, 0xea, 0x49, 0xda, 0x92, 0xa7, 0x6c, 0x2d, 0x4a, 0x4a, 0xc0,
  0x64, 0x1a, 0x1b, 0x15, 0xd5, 0xaa, 0xdd, 0xe1, 0x66, 0x42, 0x46, 0x94, 0xff, 0x00, 0x19, 0x30,
  0x46, 0x23, 0x10, 0xbc, 0xa1, 0x0a, 0x92, 0x25, 0x22, 0x9b, 0x69, 0xa7, 0x06, 0x78, 0x15, 0x4a,
  0xe8, 0x68, 0x0d, 0xbe, 0x63, 0x20, 0x2c, 0xd4, 0x27, 0x9e, 0x43, 0x73, 0xb4, 0x86, 0xe7, 0x77,
  0xe3, 0x00, 0x00, 0x00, 0x00, 0x00, 0x0f, 0xd2, 0x26, 0x52, 0x82, 0x1e, 0x48, 0xbd, 0x1d, 0x41,
  0xac, 0xd9, 0xa3, 0x9a, 0x16, 0xf5, 0xc2, 0xe8, 0xee, 0x1a, 0x98, 0x03, 0xd3, 0x09, 0xcd, 0x37,
  0x55, 0x57, 0x91, 0x0a, 0x82, 0x63, 0x27, 0x43, 0x18, 0xd0, 0x4e, 0xaa, 0x44, 0xc0, 0x69, 0x72,
  0x12, 0x49, 0xb6, 0xb1, 0xfc, 0x77, 0xb0, 0x82, 0xa2, 0x73, 0x92, 0xb6, 0x9c, 0x15, 0x28, 0xd6,
  0x05, 0x29, 0x66, 0x13, 0x34, 0x27, 0x76, 0x63, 0x84, 0xa0, 0xb3, 0x08, 0xc2, 0x47, 0x22, 0x39,
  0x11, 0xc8, 0x8e, 0x44, 0x72, 0x23, 0x91, 0x1c, 0x88, 0xe4, 0x47, 0x22, 0x39, 0x11, 0xc8, 0x8e,
  0x44, 0x72, 0x23, 0x91, 0x1c, 0x88, 0xe4, 0x47, 0x22, 0x39, 0x11, 0xc8, 0x8e, 0x43, 0x09, 0x26,
  0xc9, 0x64, 0x2e, 0x72, 0xef, 0x24, 0xcd, 0xfd, 0x1d, 0x41, 0xac, 0xd9, 0xa3, 0x9a, 0x16, 0xf5,
  0xc2, 0xe8, 0xee, 0x13, 0x87, 0x28, 0x74, 0x65, 0xca, 0x1c, 0xdc, 0x6b, 0x74, 0x23, 0x48, 0x9c,
  0x49, 0x75, 0x06, 0xae, 0x64, 0x14, 0x43, 0xbd, 0x50, 0xda, 0x76, 0xfc, 0x77, 0xb8, 0x5d, 0x3d,
  0x3c, 0x17, 0x42, 0x4e, 0xb6, 0x62, 0x58, 0x98, 0xaa, 0x5c, 0x8d, 0xa6, 0x84, 0xb5, 0xfc, 0x4a,
  0xaa, 0xaa, 0xaa, 0xaa, 0xa2, 0x52, 0xd8, 0x96, 0x85, 0x2a, 0xb1, 0x56, 0x08, 0xc8, 0x5e, 0x96,
  0xa0, 0xd6, 0x6c, 0xd1, 0xcd, 0x0b, 0x7a, 0xe1, 0x74, 0x77, 0x6c, 0xb0, 0xe2, 0xb2, 0x70, 0x1c,
  0xd3, 0x09, 0x60, 0x93, 0x29, 0x92, 0x02, 0xa4, 0x22, 0x31, 0x62, 0x54, 0x62, 0x49, 0xdc, 0x48,
  0x1a, 0x48, 0x2c, 0x7f, 0x1d, 0xf0, 0x93, 0x4e, 0x2d, 0x60, 0xb6, 0x60, 0x63, 0xfc, 0x59, 0x53,
  0x97, 0x10, 0x11, 0x4d, 0x65, 0xe9, 0xea, 0x0d, 0x66, 0xcd, 0x1c, 0xd0, 0xb7, 0xae, 0x17, 0x47,
  0x76, 0xe3, 0xc2, 0x15, 0xa8, 0x3d, 0x45, 0xb7, 0xc0, 0xb7, 0x2e, 0x22, 0xb7, 0xe5, 0xbe, 0x12,
  0x69, 0xcd, 0x50, 0x5b, 0x30, 0x31, 0xef, 0xcd, 0xa5, 0x72, 0x19, 0xa2, 0x19, 0xa2, 0x19, 0xa2,
  0x19, 0xa2, 0x19, 0xa2, 0x19, 0xa3, 0x98, 0x8e, 0x62, 0x39, 0x88, 0xe6, 0x23, 0x98, 0x8e, 0x62,
  0x1a, 0x93, 0x72, 0xa8, 0x31, 0x70, 0x2e, 0x89, 0x1b, 0x19, 0xc1, 0x47, 0xa7, 0xa8, 0x35, 0x9b,
  0x34, 0x73, 0x42, 0xde, 0xb8, 0x5d, 0x1d, 0xdb, 0xb2, 0x72, 0x3b, 0x37, 0x80, 0xf9, 0x09, 0xb5,
  0xdf, 0x21, 0xd3, 0x68, 0xd9, 0xc5, 0x8a, 0xdf, 0x96, 0xf8, 0x49, 0xa7, 0x35, 0x41, 0x6c, 0xc0,
  0xc7, 0xbd, 0x36, 0x94, 0x2c, 0xe8, 0x88, 0xb5, 0x2d, 0xdb, 0xe5, 0xb6, 0xda, 0x62, 0xde, 0x92,
  0x49, 0x6e, 0x4d, 0x16, 0x61, 0x29, 0xfa, 0x9a, 0x83, 0x59, 0xb3, 0x47, 0x1e, 0x9d, 0x4b, 0x31,
  0x24, 0x48, 0x91, 0x22, 0x43, 0xdb, 0x0a, 0x4d, 0xbe, 0x47, 0x22, 0xdf, 0x27, 0x43, 0xe4, 0xe8,
  0x7c, 0x9d, 0x0f, 0x93, 0xa1, 0xf2, 0x74, 0x3e, 0x47, 0x98, 0x0c, 0x4c, 0x7c, 0x64, 0xec, 0x55,
  0xd8, 0x95, 0x1f, 0xe5, 0xbe, 0x12, 0x69, 0xcd, 0x50, 0x5b, 0x30, 0x31, 0xee, 0xcd, 0xbc, 0x13,
  0x6c, 0x90, 0xf8, 0x25, 0xb6, 0xaa, 0x62, 0x36, 0x16, 0xc8, 0x56, 0x5b, 0xd6, 0x6f, 0x60, 0x5f,
  0xf5, 0x35, 0x06, 0xb3, 0x66, 0x2b, 0x12, 0xaa, 0x1a, 0x60, 0x0d, 0x56, 0x12, 0x75, 0xd1, 0x26,
  0x8f, 0x77, 0xff, 0x00, 0xe0, 0xfc, 0x1c, 0xaf, 0xd8, 0xab, 0xfe, 0x8e, 0xd3, 0x3b, 0x4c, 0xed,
  0x33, 0xb4, 0xce, 0xd3, 0x12, 0xed, 0xab, 0x66, 0x90, 0xa9, 0xb2, 0x7f, 0x2d, 0xf0, 0x93, 0x4e,
  0x6a, 0x82, 0xd9, 0x81, 0x8f, 0x72, 0xac, 0x1c, 0xbd, 0x90, 0xa6, 0x48, 0xcd, 0x31, 0xd2, 0xa2,
  0x72, 0x0c, 0x22, 0xb2, 0xde, 0xb3, 0x7b, 0x02, 0xff, 0x00, 0xa9, 0xa8, 0x35, 0x9b, 0x5a, 0xf9,
  0xc1, 0x8a, 0x4c, 0x78, 0xa6, 0x02, 0xe5, 0x21, 0x7d, 0xdb, 0xfd, 0x70, 0x67, 0xc2, 0x4d, 0x39,
  0xaa, 0x0b, 0x66, 0x06, 0x3d, 0xb2, 0x4d, 0x48, 0x6e, 0xc4, 0x08, 0x48, 0xb6, 0x68, 0x26, 0x4a,
  0x89, 0x46, 0x45, 0xc6, 0x11, 0x59, 0x6f, 0x59, 0xbd, 0x81, 0x7f, 0xd4, 0xd4, 0x1a, 0xcd, 0xc6,
  0xa5, 0x40, 0x84, 0xf6, 0xf9, 0xd8, 0xb4, 0xd5, 0x3d, 0xcb, 0xfd, 0x70, 0x67, 0xb8, 0x37, 0x0a,
  0x78, 0x2c, 0x0d, 0x9c, 0x04, 0xe8, 0x73, 0x16, 0x12, 0x92, 0xe2, 0x12, 0x5a, 0x89, 0x21, 0x3d,
  0xc6, 0x6e, 0x29, 0x80, 0xac, 0xbb, 0xc5, 0x38, 0x0d, 0xb7, 0x4c, 0x15, 0x85, 0x72, 0xe3, 0x08,
  0xac, 0xb7, 0xac, 0xde, 0xc0, 0xbf, 0xea, 0x6a, 0x0d, 0x66, 0xeb, 0x49, 0xa8, 0x62, 0x62, 0x69,
  0x5c, 0x2c, 0x82, 0x91, 0xbc, 0x8b, 0x0d, 0x98, 0x1e, 0x54, 0xbf, 0x7c, 0x15, 0xba, 0x4c, 0x0d,
  0xc8, 0x30, 0xd8, 0xde, 0x4a, 0x5e, 0x43, 0x54, 0xb7, 0xce, 0xe0, 0xb3, 0xae, 0x70, 0x12, 0x82,
  0x49, 0x2e, 0x28, 0x32, 0xac, 0xd0, 0x59, 0x1c, 0x88, 0x4a, 0xb0, 0x23, 0xa5, 0x5d, 0x27, 0x80,
  0xdc, 0xf4, 0xcb, 0x62, 0xb9, 0x71, 0x84, 0x56, 0x5b, 0xd6, 0x6f, 0x60, 0x5f, 0xf5, 0x35, 0x06,
  0xb3, 0x7d, 0x56, 0x19, 0xae, 0xb3, 0x80, 0xac, 0xc9, 0x47, 0xe8, 0x58, 0xe5, 0x58, 0x55, 0x31,
  0xe0, 0x8c, 0xec, 0xd1, 0x91, 0x08, 0xa2, 0xac, 0xa3, 0x69, 0x1d, 0x56, 0x27, 0x69, 0x10, 0xd5,
  0x52, 0x78, 0x94, 0x84, 0x92, 0x12, 0xc1, 0x70, 0x59, 0x93, 0x38, 0x13, 0x22, 0xb0, 0x98, 0xd4,
  0x68, 0xd4, 0x8e, 0x70, 0x68, 0x93, 0xfe, 0xe0, 0xd0, 0xda, 0xdb, 0x25, 0x29, 0x97, 0x5c, 0xb5,
  0x89, 0xf5, 0x24, 0x2a, 0x8f, 0x0d, 0x64, 0x95, 0xbb, 0xd6, 0x8b, 0x36, 0x28, 0x8a, 0x34, 0xd6,
  0x6b, 0x7b, 0x02, 0xff, 0x00, 0xa9, 0xa8, 0x21, 0x41, 0xa7, 0x5c, 0x37, 0xda, 0x96, 0x42, 0xfa,
  0x6a, 0xec, 0x91, 0xf0, 0x25, 0x4a, 0xa1, 0x5c, 0xb4, 0xf3, 0x1d, 0x1f, 0x04, 0x9c, 0x51, 0x53,
  0xa8, 0xee, 0x66, 0x88, 0x52, 0x24, 0x4c, 0xd4, 0x4d, 0x12, 0xc1, 0x5b, 0x67, 0x71, 0x7f, 0x4e,
  0xe2, 0xfe, 0x9d, 0xc5, 0xfd, 0x3b, 0x8b, 0xfa, 0x77, 0x17, 0xf4, 0xee, 0x2f, 0xe9, 0xdc, 0x5f,
  0xd3, 0xb8, 0xbf, 0xa2, 0xb8, 0x3d, 0x3f, 0xd0, 0x69, 0x5f, 0x38, 0x6d, 0x49, 0x3f, 0xaf, 0xcb,
  0x73, 0xe8, 0x09, 0x7c, 0xc3, 0x70, 0x86, 0x85, 0x49, 0xb7, 0x10, 0x53, 0x98, 0x6d, 0x18, 0x0c,
  0xe4, 0x39, 0x63, 0x96, 0x2d, 0xa0, 0x25, 0x36, 0xa1, 0x0b, 0x6d, 0x25, 0x68, 0x8b, 0x38, 0x48,
  0x64, 0x43, 0x22, 0x02, 0x8a, 0xc2, 0xdd, 0x8b, 0x9b, 0xa4, 0xdc, 0x47, 0x01, 0x9d, 0x73, 0x07,
  0xbc, 0x94, 0x92, 0xcc, 0xaf, 0x0d, 0x86, 0xea, 0xc2, 0xba, 0x0d, 0x53, 0x2b, 0x7b, 0x6d, 0xb2,
  0xc9, 0x5a, 0xf3, 0xdd, 0x44, 0x44, 0x55, 0xca, 0xa6, 0x83, 0xc8, 0x42, 0x86, 0xc9, 0x24, 0x92,
  0x49, 0x24, 0x9c, 0x04, 0xad, 0x37, 0x1d, 0x60, 0x59, 0x4e, 0x74, 0x3e, 0x0b, 0x65, 0x89, 0x10,
  0xd0, 0x5d, 0x39, 0x1c, 0x9b, 0xb0, 0x76, 0x41, 0xd9, 0x07, 0x64, 0x1d, 0x90, 0x76, 0x41, 0xd9,
  0x07, 0x64, 0x1d, 0x90, 0x76, 0x41, 0xd9, 0x05, 0xbe, 0x2c, 0xe0, 0xb0, 0xa2, 0xee, 0x1d, 0x7f,
  0x2f, 0x48, 0x6a, 0x86, 0x61, 0xbe, 0x8c, 0x4d, 0x2c, 0xd2, 0xf6, 0xa5, 0x5a, 0xd2, 0xa8, 0xc8,
  0x9b, 0x52, 0xd4, 0x74, 0xc4, 0x72, 0x6d, 0x99, 0xb9, 0xa9, 0xf5, 0xb7, 0xad, 0xf5, 0x30, 0xed,
  0xa7, 0x9a, 0x31, 0x89, 0x0a, 0xad, 0x95, 0xcd, 0x95, 0xcd, 0x95, 0xcd, 0x95, 0xcd, 0x95, 0xcd,
  0x8c, 0xcd, 0xa6, 0x95, 0x20, 0x79, 0x1c, 0xec, 0x33, 0xb8, 0xce, 0xe3, 0x28, 0x3e, 0xce, 0x3c,
  0x1c, 0xe7, 0xbf, 0x2e, 0xf4, 0x86, 0xa8, 0x66, 0x1b, 0xe8, 0xc4, 0xd2, 0xcd, 0x2f, 0x65, 0x42,
  0x4a, 0x53, 0x2c, 0x60, 0x52, 0xa1, 0x18, 0x89, 0x53, 0x5d, 0x77, 0xb1, 0xfa, 0xdb, 0xd6, 0xfa,
  0xec, 0x3f, 0x4a, 0xdf, 0x9a, 0x26, 0x16, 0x36, 0x2d, 0xa3, 0x77, 0xdb, 0x63, 0x8f, 0x06, 0xfc,
  0xc0, 0xed, 0x21, 0xaa, 0x19, 0x86, 0xfa, 0x31, 0x34, 0xb3, 0x4b, 0x18, 0x1d, 0x06, 0x23, 0x9b,
  0xc9, 0x69, 0x1c, 0x44, 0xa2, 0xee, 0x73, 0x0a, 0xfb, 0x1f, 0xad, 0xbd, 0x6f, 0xae, 0xc3, 0xf4,
  0xad, 0xe7, 0x6d, 0x97, 0xd5, 0x25, 0xe2, 0x1f, 0xd2, 0x52, 0x49, 0xa6, 0xa5, 0x16, 0x38, 0xf0,
  0x4f, 0xcc, 0xaf, 0xd2, 0x0b, 0x58, 0x7e, 0x82, 0x85, 0x71, 0x4b, 0x6d, 0xe0, 0x3a, 0x8d, 0x65,
  0x16, 0x39, 0x2b, 0x29, 0xb1, 0xe4, 0x44, 0xe1, 0xc3, 0x10, 0x90, 0xb5, 0xd8, 0xaf, 0xb1, 0xfa,
  0xdb, 0xd6, 0xfa, 0xec, 0x3f, 0x4a, 0xde, 0x76, 0xd8, 0x61, 0x85, 0x6a, 0x81, 0xee, 0x2d, 0xbd,
  0xa1, 0x08, 0x6d, 0x0c, 0x9c, 0x1c, 0x3f, 0x13, 0x13, 0x39, 0x84, 0xca, 0x4b, 0x09, 0xcb, 0x7b,
  0x92, 0x98, 0xd5, 0x38, 0x44, 0x37, 0x45, 0xc4, 0xe9, 0x0e, 0xfb, 0x93, 0xb4, 0x9b, 0x93, 0xf2,
  0xdb, 0x48, 0x2d, 0x6f, 0x45, 0x29, 0xa3, 0x25, 0x11, 0x22, 0x5a, 0x49, 0x48, 0x51, 0xfc, 0x19,
  0x83, 0x72, 0x81, 0xc8, 0x9c, 0x88, 0xa4, 0xb4, 0x56, 0xb5, 0x1d, 0x36, 0x34, 0xaa, 0x6f, 0x52,
  0xd3, 0x58, 0xea, 0xf2, 0x22, 0xce, 0x17, 0x8c, 0x0f, 0xa5, 0x6f, 0x3b, 0x6c, 0x30, 0xcb, 0x94,
  0x63, 0x50, 0x88, 0xe6, 0xd8, 0xc3, 0x01, 0x23, 0x87, 0x89, 0xc5, 0x1a, 0x1a, 0xa4, 0xc0, 0xe0,
  0xd2, 0x80, 0x99, 0x50, 0xcd, 0xce, 0xcb, 0x3b, 0x2c, 0xec, 0xb1, 0x21, 0xbf, 0xa1, 0xf7, 0x35,
  0x3c, 0xa4, 0x5a, 0xe4, 0x8b, 0xd6, 0x37, 0x28, 0x64, 0x7b, 0xf2, 0xef, 0x48, 0x2d, 0x6f, 0x45,
  0x24, 0xe8, 0xc6, 0xb7, 0x4c, 0xb1, 0x2c, 0x87, 0x21, 0xc9, 0x0d, 0xe0, 0x63, 0xac, 0x75, 0x84,
  0xd5, 0xcc, 0x89, 0x95, 0x51, 0xa5, 0xed, 0xcd, 0x8a, 0x14, 0x28, 0x50, 0x80, 0xde, 0x15, 0x32,
  0xde, 0xad, 0x17, 0x61, 0xe5, 0x75, 0x9a, 0xbb, 0x14, 0xc7, 0xc9, 0x23, 0x4b, 0x87, 0xac, 0xed,
  0xb3, 0xb6, 0xce, 0xdb, 0x3b, 0x6c, 0x57, 0x30, 0x2e, 0xa7, 0x94, 0x1b, 0xbf, 0xd4, 0x7f, 0xf5,
  0xc9, 0x7f, 0xec, 0x89, 0xd5, 0xb8, 0xa4, 0xb1, 0xb5, 0x4f, 0x0e, 0x15, 0xc6, 0x67, 0x30, 0x40,
  0x86, 0x24, 0xef, 0x06, 0x94, 0x48, 0x80, 0xa9, 0x55, 0xc4, 0x69, 0x25, 0x88, 0xaa, 0x4b, 0xcc,
  0x97, 0x99, 0x2e, 0x22, 0x45, 0x5d, 0x98, 0x9b, 0x44, 0x42, 0x91, 0xc2, 0x51, 0xb9, 0x62, 0x40,
  0x7f, 0x2e, 0xdf, 0xe0, 0x16, 0xb0, 0xfd, 0x1a, 0xe0, 0x54, 0x56, 0xa9, 0x6b, 0x12, 0xc9, 0x64,
  0xb2, 0xff, 0x00, 0x51, 0x6a, 0x79, 0x10, 0x20, 0x40, 0x6e, 0x5a, 0x15, 0x29, 0x96, 0x22, 0x65,
  0x21, 0x42, 0x1d, 0xca, 0xb1, 0xcd, 0xc6, 0xc4, 0x9d, 0x79, 0x75, 0x12, 0xaa, 0x33, 0xc9, 0xfb,
  0xfc, 0x9f, 0xbf, 0xc9, 0xfb, 0xfc, 0x9f, 0xbf, 0xc8, 0xa7, 0x24, 0xfc, 0x90, 0xa5, 0x47, 0x3d,
  0x4a, 0xd8, 0xc7, 0x51, 0xb1, 0xe3, 0xf2, 0x46, 0xb1, 0x9e, 0xa2, 0x8c, 0xa7, 0x31, 0xd4, 0x4b,
  0x1c, 0x3d, 0x26, 0xa1, 0x8a, 0x12, 0x46, 0xdb, 0x44, 0x22, 0xe8, 0xb8, 0x22, 0x86, 0x62, 0x87,
  0x3b, 0x0d, 0x28, 0x4d, 0x0a, 0xd4, 0xca, 0xd8, 0xa0, 0xa3, 0xf7, 0x12, 0x6e, 0x56, 0x9d, 0xd4,
  0x89, 0xbb, 0x0e, 0x9c, 0x7f, 0x97, 0x7a, 0x43, 0x54, 0x33, 0x0f, 0x5e, 0xff, 0x00, 0x53, 0xeb,
  0xed, 0xaf, 0x64, 0x37, 0x0d, 0x76, 0xd7, 0xa2, 0x49, 0x9c, 0x99, 0x8d, 0xb8, 0x9b, 0x69, 0x68,
  0x62, 0x64, 0x21, 0xac, 0x73, 0x23, 0x6d, 0x83, 0x2e, 0x2a, 0xf6, 0x8d, 0x39, 0x97, 0x27, 0x20,
  0xbc, 0xdb, 0x38, 0x53, 0x11, 0x52, 0xbb, 0x35, 0xc6, 0xa0, 0xc7, 0x80, 0x16, 0xf4, 0x86, 0xa8,
  0x66, 0x1e, 0xbd, 0xfe, 0xa7, 0xd7, 0xd8, 0xcc, 0xd2, 0xab, 0x26, 0x32, 0x95, 0x70, 0xe9, 0x91,
  0xda, 0x96, 0xe6, 0xb2, 0xf7, 0xaa, 0x9a, 0x47, 0x54, 0x25, 0x57, 0x40, 0x35, 0x1b, 0x2c, 0x19,
  0x71, 0x57, 0xb8, 0x7d, 0x12, 0xee, 0xcd, 0x71, 0xa8, 0x31, 0xe0, 0x05, 0xbd, 0x21, 0xaa, 0x19,
  0x87, 0xaf, 0x7f, 0xa9, 0xf5, 0xc4, 0x6a, 0x46, 0x79, 0x89, 0x7f, 0x78, 0x80, 0x44, 0x9a, 0x55,
  0x75, 0x7e, 0x85, 0x9c, 0xab, 0x98, 0xbd, 0x73, 0x1c, 0x2a, 0xcd, 0x33, 0xd9, 0xb2, 0xe2, 0xaf,
  0x70, 0x49, 0x87, 0x91, 0x4b, 0xce, 0xcd, 0x70, 0xee, 0x91, 0x5d, 0x15, 0x3f, 0x89, 0xe0, 0x4f,
  0x02, 0x78, 0x11, 0x47, 0x15, 0xc5, 0x86, 0xbd, 0x57, 0x74, 0xca, 0x3f, 0x9f, 0x97, 0xa4, 0x35,
  0x43, 0x30, 0xf5, 0xb0, 0x82, 0x96, 0xaa, 0x46, 0xd8, 0x92, 0x63, 0x87, 0x58, 0x88, 0x58, 0x59,
  0xbc, 0x5e, 0x7e, 0x97, 0x47, 0x0c, 0x91, 0xd0, 0x9b, 0x89, 0x5a, 0x59, 0x09, 0x92, 0xe5, 0x0d,
  0x9e, 0x1c, 0x51, 0xee, 0x10, 0x10, 0x5a, 0xa0, 0xb4, 0xcb, 0x1c, 0x8f, 0x52, 0x47, 0x95, 0x7f,
  0xe0, 0x92, 0xff, 0x00, 0xab, 0xff, 0x00, 0x0a, 0xb4, 0xbc, 0xdd, 0xff, 0x00, 0x82, 0x54, 0x35,
  0x58, 0xf3, 0x2c, 0x79, 0x96, 0x3c, 0xcb, 0x13, 0xe5, 0xfc, 0x1b, 0xff, 0x00, 0x06, 0xe6, 0x8e,
  0x8f, 0xcb, 0xd2, 0x1a, 0xa1, 0x98, 0x7a, 0xee, 0x6e, 0xee, 0x13, 0xe8, 0xd8, 0x26, 0x22, 0x4a,
  0xb1, 0x08, 0x92, 0x49, 0x24, 0x92, 0x49, 0x24, 0x92, 0x49, 0x18, 0x04, 0xa6, 0x9d, 0xc4, 0xa2,
  0x79, 0x8d, 0x29, 0xf1, 0x47, 0xb8, 0x34, 0x48, 0x7c, 0x17, 0x48, 0x6a, 0x86, 0x61, 0xeb, 0xcb,
  0x54, 0x4c, 0x83, 0x0d, 0x8e, 0x82, 0x45, 0x96, 0x3a, 0x0e, 0x83, 0xa0, 0xe8, 0x3a, 0x0e, 0x83,
  0xa0, 0xe8, 0x3a, 0x0e, 0x81, 0xda, 0x64, 0x4d, 0xa5, 0x71, 0x49, 0x32, 0x84, 0xd7, 0x14, 0x7c,
  0x24, 0x52, 0xe9, 0x92, 0xfd, 0xe3, 0xbf, 0xe0, 0x58, 0x8a, 0x91, 0xb2, 0x49, 0x24, 0x92, 0x49,
  0x24, 0x92, 0x49, 0xda, 0x9c, 0x71, 0x57, 0xc2, 0x49, 0xfa, 0x42, 0x8f, 0xd9, 0xb0, 0xad, 0xed,
  0x47, 0xc2, 0x46, 0xa7, 0xc6, 0x05, 0x8f, 0x31, 0xde, 0x3d, 0xaa, 0xf8, 0x48, 0xa4, 0xee, 0x45,
  0xce, 0x02, 0x53, 0x9e, 0x06, 0x3e, 0xd4, 0x7c, 0x24, 0xd3, 0x9a, 0xa0, 0xbd, 0xaa, 0xf8, 0x49,
  0xa7, 0x35, 0x41, 0x7b, 0x55, 0xf0, 0x93, 0x4e, 0x6a, 0x82, 0xf6, 0xab, 0xe1, 0x24, 0x6f, 0xe0,
  0x37, 0xc8, 0x27, 0x91, 0xfb, 0x12, 0x85, 0x37, 0x25, 0xb7, 0x62, 0x1a, 0xf6, 0x8b, 0xe1, 0x23,
  0xda, 0x95, 0xe0, 0x4b, 0x81, 0xba, 0x91, 0x56, 0xa8, 0xad, 0x54, 0x3b, 0x44, 0x27, 0xd9, 0x08,
  0x25, 0x5f, 0xc0, 0x9a, 0x49, 0x56, 0xf6, 0x83, 0xe1, 0x22, 0x54, 0x97, 0x75, 0x44, 0xc3, 0xab,
  0xa2, 0x58, 0x6d, 0xc8, 0xec, 0xc4, 0xb4, 0xba, 0xe0, 0x24, 0x54, 0x80, 0xc9, 0xab, 0x56, 0xf6,
  0x83, 0xe1, 0x26, 0xb3, 0x6f, 0x3b, 0x93, 0x34, 0x7b, 0xb2, 0x15, 0x96, 0x98, 0xaa, 0xf2, 0x1e,
  0x5a, 0x6a, 0x5a, 0xf6, 0x44, 0x52, 0x76, 0x49, 0x42, 0x85, 0x0a, 0x0a, 0x1a, 0x30, 0x27, 0x12,
  0xa4, 0xa2, 0x51, 0x2b, 0x82, 0xeb, 0x36, 0xf2, 0xea, 0x9a, 0x49, 0xe0, 0x12, 0x94, 0xa9, 0xc1,
  0xb2, 0xe1, 0x6b, 0xd8, 0xe8, 0xc9, 0xb3, 0x13, 0x04, 0x58, 0x7a, 0x39, 0xe7, 0x3c, 0xe7, 0x8d,
  0x6b, 0x89, 0xea, 0x24, 0x9c, 0x6d, 0x9e, 0x1c, 0xf0, 0xe7, 0x87, 0xe0, 0xba, 0xc1, 0xd2, 0x6b,
  0x12, 0x55, 0x90, 0xc2, 0x4a, 0x89, 0x6e, 0x98, 0xed, 0xb8, 0x5a, 0xf6, 0x3a, 0x15, 0x42, 0x57,
  0x11, 0x3c, 0xc4, 0x68, 0x16, 0x8a, 0x09, 0x66, 0x4b, 0x31, 0x34, 0xdc, 0x66, 0x62, 0x6c, 0xc5,
  0x1a, 0x26, 0xa8, 0xb2, 0x8e, 0x83, 0x79, 0x9c, 0x99, 0xc9, 0xf0, 0x56, 0x87, 0x3c, 0xce, 0xbc,
  0x06, 0x2d, 0x2a, 0xc2, 0xc6, 0x0e, 0x51, 0xca, 0x39, 0x43, 0xbc, 0xc2, 0x92, 0xa7, 0x5f, 0x43,
  0xb4, 0x8e, 0xd2, 0x3b, 0x48, 0xa5, 0x3f, 0x52, 0x3e, 0x76, 0x50, 0x69, 0xb5, 0xf2, 0x1f, 0xb0,
  0x51, 0x55, 0xc8, 0x50, 0x9c, 0x92, 0x5d, 0x52, 0x5f, 0xe8, 0x1a, 0x9c, 0x58, 0x5d, 0x48, 0xaf,
  0xb0, 0xb6, 0x1b, 0x9d, 0x78, 0x3e, 0xbc, 0x62, 0x69, 0x84, 0x12, 0x49, 0x24, 0x8e, 0x4c, 0xd1,
  0xcc, 0x39, 0x87, 0x30, 0x70, 0x5c, 0x5e, 0x08, 0xd9, 0x13, 0xa4, 0x42, 0x1d, 0x6f, 0x6c, 0x89,
  0xcf, 0xb0, 0x9d, 0x8d, 0x79, 0xf4, 0x6c, 0xb0, 0x76, 0x15, 0x62, 0x36, 0x11, 0xa9, 0x2e, 0x75,
  0xe0, 0xfa, 0xf3, 0x41, 0xbb, 0x77, 0x72, 0x1b, 0xa2, 0x18, 0x13, 0x4a, 0xaa, 0x1c, 0xdc, 0xdc,
  0xe0, 0xf0, 0x1e, 0x12, 0x84, 0xdd, 0x11, 0xec, 0x27, 0x63, 0x5e, 0x7d, 0x1b, 0x58, 0xf5, 0xb0,
  0xc9, 0x25, 0x08, 0xd4, 0x97, 0x3a, 0xf0, 0x7d, 0x79, 0xa0, 0xdd, 0xbb, 0xb5, 0x29, 0x70, 0x35,
  0xbd, 0x7e, 0xe3, 0x5b, 0x9c, 0x84, 0xea, 0x3d, 0x3e, 0xc3, 0x76, 0x35, 0xe7, 0xd1, 0xb8, 0xfa,
  0x30, 0x1a, 0x54, 0xa3, 0x52, 0x5c, 0xeb, 0xc1, 0xf5, 0xe6, 0x83, 0x76, 0xee, 0xc9, 0x90, 0x8c,
  0x43, 0x84, 0x15, 0x47, 0x90, 0xdf, 0x5e, 0x5e, 0x4e, 0xd3, 0xd9, 0x7c, 0x9e, 0x55, 0xc0, 0xbd,
  0x35, 0x44, 0xe4, 0x84, 0xb3, 0x22, 0x42, 0x51, 0xcd, 0xc2, 0xd6, 0xfa, 0x4a, 0x84, 0x24, 0x54,
  0x5c, 0xf9, 0x23, 0x31, 0x81, 0xd4, 0x75, 0x1d, 0x47, 0x50, 0xed, 0xef, 0x41, 0xd3, 0x8d, 0x97,
  0x3a, 0xf1, 0x3a, 0xc3, 0x90, 0xcd, 0xb8, 0x2c, 0x08, 0x78, 0xdf, 0xd3, 0x95, 0x4a, 0x22, 0x22,
  0x34, 0x84, 0x9c, 0x4f, 0x0b, 0x44, 0xef, 0x2a, 0x0d, 0xc9, 0x09, 0x21, 0x94, 0xf3, 0x1d, 0xb9,
  0xb8, 0xd1, 0xbe, 0xe0, 0x21, 0x10, 0xf6, 0x88, 0x75, 0x52, 0x73, 0xce, 0x79, 0xcf, 0x39, 0xe7,
  0x3c, 0xe7, 0x9c, 0xf3, 0x9e, 0x73, 0xce, 0x78, 0x97, 0x79, 0x8c, 0x51, 0x0c, 0x52, 0x18, 0x73,
  0x25, 0xdb, 0x0e, 0x1d, 0x62, 0x67, 0x51, 0x9c, 0xf3, 0x9e, 0x73, 0x44, 0x97, 0x72, 0xd6, 0x46,
  0x1c, 0x0c, 0xd2, 0x1c, 0x4f, 0x2b, 0x8d, 0x3a, 0x01, 0x9d, 0xd0, 0x9b, 0x82, 0x59, 0x2c, 0x96,
  0x4b, 0x25, 0x92, 0xc9, 0x64, 0xb2, 0x59, 0x2e, 0x2e, 0x3a, 0x0a, 0xb4, 0x36, 0xb0, 0x1e, 0xea,
  0x98, 0x97, 0x81, 0x52, 0xd4, 0x52, 0xa1, 0x32, 0xb8, 0x64, 0x6c, 0x49, 0xc0, 0xb5, 0x2a, 0x12,
  0x25, 0xe7, 0x42, 0x58, 0x9b, 0xcc, 0x97, 0x37, 0x1d, 0xc5, 0xc5, 0xc5, 0x5a, 0x70, 0xde, 0x03,
  0x52, 0xc3, 0x8e, 0x40, 0x12, 0xb7, 0xa4, 0xa2, 0xd3, 0x73, 0x80, 0x5c, 0x6a, 0x42, 0xe4, 0x69,
  0x59, 0xf6, 0x05, 0xc3, 0x70, 0xd9, 0x62, 0x7f, 0x08, 0xc2, 0x44, 0x62, 0x5a, 0x68, 0x1f, 0x1d,
  0x10, 0x04, 0xad, 0xe8, 0x75, 0x16, 0x16, 0x27, 0xa4, 0x5f, 0xa6, 0xfe, 0xc1, 0xb9, 0x72, 0xee,
  0x69, 0x19, 0xf6, 0x05, 0xc3, 0x70, 0xdb, 0x73, 0xc4, 0xcc, 0x62, 0x87, 0x54, 0xe4, 0xc4, 0xb4,
  0xd0, 0x3e, 0x3a, 0x20, 0x09, 0x5b, 0x7d, 0xb4, 0x94, 0xbb, 0x0a, 0xd5, 0xdb, 0xe4, 0x10, 0xa3,
  0x0e, 0xb2, 0xf7, 0xd9, 0xa4, 0x67, 0xd8, 0x17, 0x08, 0x4a, 0x47, 0x43, 0x09, 0xc0, 0xbe, 0xcc,
  0x05, 0x10, 0x41, 0x0c, 0x6b, 0xe1, 0x66, 0x51, 0xd5, 0x55, 0x16, 0x9a, 0x07, 0xc7, 0x44, 0x01,
  0x2b, 0x6f, 0x60, 0x23, 0x37, 0x24, 0x77, 0x21, 0x45, 0x24, 0x9a, 0xc1, 0xb9, 0xa4, 0x67, 0xd8,
  0x17, 0x08, 0x78, 0x4c, 0x94, 0x18, 0x09, 0xc6, 0xc0, 0xa8, 0xde, 0x9d, 0x28, 0x4c, 0xa1, 0x59,
  0x9a, 0x07, 0xc7, 0x44, 0x01, 0x2b, 0x6e, 0xb6, 0x95, 0xdc, 0x0b, 0xed, 0x8c, 0x5f, 0x32, 0x64,
  0x34, 0x86, 0x58, 0xee, 0xe9, 0x19, 0xf6, 0x05, 0xc2, 0x14, 0x21, 0x34, 0x50, 0xda, 0x1a, 0x53,
  0x74, 0x29, 0xa2, 0x83, 0xe4, 0x0a, 0x0c, 0x0c, 0x93, 0x76, 0xab, 0xa4, 0x4a, 0x86, 0x94, 0x3c,
  0x90, 0xe8, 0xf8, 0xe8, 0x80, 0x25, 0x6d, 0xc4, 0x24, 0xbb, 0x0a, 0x49, 0x85, 0x72, 0xa0, 0x2a,
  0x20, 0xb0, 0x9b, 0xda, 0x46, 0x7d, 0x81, 0x70, 0x84, 0x05, 0xfb, 0x11, 0x93, 0xba, 0x04, 0x42,
  0xbe, 0x1f, 0xa0, 0xb2, 0x89, 0x24, 0x9c, 0xae, 0x42, 0x45, 0x49, 0xa7, 0xc7, 0x4c, 0x01, 0x2b,
  0x6d, 0x6e, 0x13, 0xc5, 0xe4, 0x2e, 0x34, 0x92, 0xec, 0x2e, 0x22, 0x15, 0x6d, 0xfd, 0x23, 0x3e,
  0xc0, 0xb8, 0x3e, 0x03, 0x82, 0x9f, 0x30, 0x43, 0x01, 0xfa, 0x0d, 0xd9, 0x9a, 0x07, 0xc7, 0x44,
  0x01, 0x2b, 0x6c, 0x6d, 0x27, 0x18, 0xac, 0x85, 0x03, 0x78, 0x93, 0xc4, 0x52, 0x55, 0x4a, 0x21,
  0x7a, 0x1a, 0x46, 0x7d, 0x81, 0x70, 0x7c, 0x36, 0xc8, 0x3e, 0xe3, 0x0a, 0x58, 0x7e, 0x83, 0x76,
  0x66, 0x81, 0xf1, 0xd1, 0x00, 0x4a, 0xc5, 0x02, 0x86, 0xe6, 0x8a, 0x05, 0x21, 0x74, 0xd2, 0x24,
  0x92, 0x12, 0xa0, 0xa3, 0xd1, 0xd2, 0x33, 0xec, 0x0b, 0x83, 0xe1, 0xb9, 0x1d, 0x91, 0x1d, 0x54,
  0xab, 0x7a, 0x0d, 0xd9, 0x9a, 0x07, 0xc7, 0x44, 0x01, 0x4b, 0x53, 0x94, 0x22, 0xda, 0x25, 0xea,
  0x9f, 0x02, 0x15, 0x8d, 0x2c, 0x8e, 0xa2, 0x39, 0x91, 0xcc, 0x8e, 0x64, 0x73, 0x23, 0x99, 0x1c,
  0xc8, 0xe6, 0x47, 0x31, 0x23, 0xa4, 0xc7, 0x6e, 0xcc, 0x44, 0x42, 0xd8, 0x26, 0x69, 0x23, 0xf0,
  0xe8, 0xe6, 0x25, 0x49, 0x74, 0x15, 0x4c, 0x77, 0x70, 0x1d, 0x14, 0x8f, 0x55, 0x37, 0xf0, 0x10,
  0x20, 0x82, 0x06, 0xbd, 0xc1, 0x43, 0x92, 0xae, 0xfe, 0xec, 0xcd, 0x03, 0xe3, 0x62, 0x34, 0x02,
  0xa4, 0xa5, 0xa8, 0x42, 0x04, 0xa2, 0x5a, 0xa7, 0x1a, 0xe0, 0x86, 0x4b, 0xd3, 0x00, 0x1a, 0x7a,
  0x0c, 0x80, 0x46, 0x21, 0x3a, 0xcd, 0x82, 0xa9, 0x0c, 0x50, 0xab, 0x64, 0x1e, 0x11, 0x11, 0x4f,
  0xc2, 0x4e, 0xf7, 0x61, 0x9a, 0x48, 0xa8, 0x19, 0x38, 0xbb, 0x90, 0xcc, 0x86, 0x64, 0x33, 0x12,
  0x40, 0x6d, 0x58, 0x0d, 0x1c, 0x05, 0x45, 0xbd, 0x05, 0x92, 0x24, 0x48, 0x91, 0x26, 0x49, 0xf5,
  0x0e, 0x65, 0x95, 0xbc, 0xec, 0xcd, 0x03, 0xe3, 0x62, 0x29, 0x34, 0xbd, 0xa9, 0x99, 0x01, 0x38,
  0x50, 0x91, 0x22, 0x44, 0x89, 0x12, 0x24, 0x48, 0x91, 0x22, 0x43, 0x18, 0xcb, 0x2b, 0x14, 0xcd,
  0xb2, 0xac, 0x3b, 0x11, 0x9c, 0x14, 0x30, 0x06, 0x25, 0x01, 0x35, 0x06, 0x97, 0xf8, 0x56, 0x18,
  0x25, 0x8f, 0xc4, 0x88, 0x64, 0xa4, 0x8d, 0x29, 0x9d, 0xad, 0x23, 0x86, 0xde, 0x48, 0x4d, 0xa4,
  0xbf, 0x0d, 0x0d, 0x51, 0x91, 0xa2, 0x86, 0x86, 0x9b, 0xaa, 0x74, 0xdf, 0xc0, 0x59, 0xba, 0x00,
  0xa1, 0x89, 0x18, 0x17, 0x25, 0x11, 0xc9, 0x39, 0x27, 0x24, 0xe4, 0x8e, 0x17, 0x42, 0x90, 0xae,
  0x82, 0xa9, 0x2e, 0xce, 0x36, 0x16, 0xad, 0xea, 0xd2, 0xd4, 0x3b, 0x73, 0x6e, 0x4b, 0x84, 0x12,
  0x97, 0x59, 0x66, 0x49, 0x15, 0x17, 0x52, 0x47, 0x31, 0x92, 0xbc, 0x93, 0xb9, 0xcb, 0x97, 0xf8,
  0x4b, 0xa8, 0x6a, 0x91, 0x19, 0x1f, 0xa2, 0xa1, 0x88, 0x7b, 0x1d, 0x50, 0xab, 0xd9, 0x66, 0x38,
  0x35, 0x64, 0xf1, 0x15, 0xf8, 0xea, 0x88, 0x43, 0x92, 0x33, 0x96, 0x61, 0xc4, 0x09, 0x93, 0x9d,
  0xf6, 0x03, 0x83, 0xa0, 0xe8, 0x3a, 0x0e, 0x83, 0xa0, 0xe8, 0x22, 0x22, 0x22, 0x22, 0x22, 0x22,
  0x1b, 0x2e, 0x84, 0x54, 0xb8, 0xd9, 0x96, 0xad, 0xeb, 0xa1, 0x29, 0x4e, 0x65, 0xa1, 0x41, 0x17,
  0xc1, 0xcc, 0x95, 0xc4, 0x95, 0xd1, 0x85, 0x08, 0x3e, 0xe9, 0xf6, 0xfe, 0x15, 0x81, 0xa9, 0x64,
  0xec, 0xce, 0x80, 0x31, 0xc2, 0xa2, 0x5a, 0x14, 0x0f, 0x47, 0x82, 0xac, 0xd5, 0xca, 0x16, 0x42,
  0x14, 0x23, 0xee, 0x16, 0x36, 0x3d, 0xfc, 0x05, 0x41, 0x94, 0x4a, 0x25, 0x12, 0x89, 0x44, 0xa2,
  0x51, 0x28, 0x94, 0x4a, 0x25, 0x12, 0x89, 0x43, 0x2e, 0x37, 0x19, 0x6a, 0xde, 0xb2, 0x68, 0x13,
  0x9c, 0xe2, 0x17, 0x1e, 0xdb, 0x46, 0x25, 0x98, 0x12, 0x95, 0x4a, 0xd3, 0x67, 0xdd, 0x3e, 0xdf,
  0xc2, 0xb1, 0xb6, 0x4a, 0x95, 0xdb, 0x88, 0x42, 0x51, 0xb3, 0x52, 0xcc, 0x09, 0x49, 0x68, 0x58,
  0x6c, 0xfb, 0x85, 0x8d, 0x8f, 0xd1, 0x07, 0x51, 0xd4, 0x75, 0x1d, 0x47, 0x51, 0xd4, 0x75, 0x1d,
  0x47, 0x51, 0xd4, 0x75, 0x1d, 0x47, 0x51, 0x10, 0x9c, 0x6e, 0x37, 0x82, 0x9c, 0x6f, 0x11, 0x24,
  0x92, 0x49, 0x24, 0x92, 0x49, 0x24, 0x92, 0x49, 0x1f, 0x90, 0x42, 0x62, 0x75, 0x59, 0x0e, 0xc7,
  0x23, 0x58, 0x92, 0x47, 0xd5, 0x3e, 0xcf, 0xc2, 0xb1, 0xb6, 0x12, 0xe6, 0xb3, 0x11, 0x31, 0x30,
  0xd9, 0x36, 0xfd, 0xc2, 0xc6, 0xc7, 0xe8, 0x31, 0x59, 0x2c, 0xc9, 0x66, 0x4b, 0x32, 0x59, 0x92,
  0xcc, 0x96, 0x64, 0xb3, 0x25, 0x99, 0x2c, 0xc9, 0x66, 0x4b, 0x32, 0x59, 0x92, 0xcc, 0x8d, 0x71,
  0xaf, 0x8e, 0x58, 0x18, 0xf1, 0x93, 0x33, 0xf5, 0x40, 0x00, 0x00, 0x13, 0x92, 0xaf, 0xba, 0x0b,
  0x0f, 0xea, 0x7d, 0xcf, 0xd3, 0x86, 0x3a, 0x07, 0x15, 0xab, 0x92, 0x68, 0x86, 0x43, 0x21, 0x8c,
  0x25, 0x12, 0x87, 0x9f, 0xd8, 0x5a, 0x88, 0x20, 0x4d, 0x41, 0x25, 0x49, 0x8b, 0x93, 0x24, 0x13,
  0x15, 0x6c, 0x3a, 0x6e, 0xc2, 0x08, 0x20, 0x82, 0x08, 0x20, 0x82, 0x08, 0x20, 0x82, 0x08, 0xe3,
  0x73, 0xe0, 0x82, 0x08, 0x20, 0x82, 0x08, 0x20, 0x82, 0x08, 0x20, 0x82, 0x08, 0x20, 0x82, 0x05,
  0xd5, 0x3e, 0xe7, 0xe9, 0xa5, 0x51, 0x48, 0xe5, 0x8d, 0xe0, 0x40, 0xb7, 0x08, 0x88, 0x69, 0x1e,
  0xda, 0xaa, 0x78, 0x12, 0x92, 0x5b, 0x69, 0x25, 0x6c, 0x5b, 0x11, 0x43, 0x06, 0xe0, 0x46, 0x9b,
  0xc4, 0x92, 0x09, 0x23, 0x89, 0x0c, 0xdb, 0x69, 0xa8, 0x8d, 0xc8, 0x8c, 0xe8, 0x3a, 0x0e, 0x83,
  0xa0, 0xe8, 0x3a, 0x0e, 0x83, 0xa0, 0xe8, 0x3a, 0x0e, 0x83, 0xa0, 0xe8, 0x26, 0x5e, 0xcd, 0xb5,
  0xd7, 0x3e, 0xe7, 0xe9, 0xa1, 0x39, 0x91, 0x31, 0x89, 0xf5, 0x13, 0xad, 0x0c, 0x3f, 0xf8, 0x07,
  0x80, 0x3c, 0x01, 0xe0, 0x08, 0x9f, 0xa0, 0xf0, 0x07, 0x80, 0x16, 0xda, 0x88, 0xca, 0x88, 0xa6,
  0x48, 0xa6, 0x48, 0x59, 0x25, 0x19, 0x13, 0xf8, 0x15, 0x1f, 0x41, 0xff, 0x00, 0x20, 0x40, 0xfe,
  0x02, 0x91, 0xf4, 0x08, 0xc5, 0x90, 0x65, 0x76, 0xb6, 0xe4, 0x41, 0x02, 0x04, 0x08, 0x10, 0x20,
  0x40, 0x81, 0x02, 0x04, 0x08, 0x10, 0x26, 0x7e, 0xcd, 0x3b, 0x5a, 0xd6, 0xb5, 0xad, 0x6b, 0x5a,
  0xd6, 0xb5, 0xad, 0x6b, 0x5a, 0xcf, 0x2d, 0xa5, 0x68, 0x99, 0xf6, 0x7a, 0x6d, 0x52, 0xa4, 0xa6,
  0x52, 0x4e, 0x14, 0x20, 0xb9, 0x43, 0xdc, 0xb7, 0xb9, 0xde, 0xdb, 0x78, 0xb4, 0xc5, 0xb3, 0x68,
  0x91, 0x83, 0x6b, 0xb9, 0x04, 0x49, 0x63, 0xd9, 0x91, 0x5f, 0x98, 0x3c, 0xc1, 0xe6, 0x0f, 0x30,
  0x79, 0x83, 0xcc, 0x1e, 0x60, 0xf3, 0x07, 0x98, 0x3c, 0xc1, 0xe6, 0x0f, 0x30, 0x79, 0x83, 0xcc,
  0x1e, 0x60, 0xf3, 0x07, 0x98, 0x3c, 0xc1, 0xe6, 0x0e, 0x7a, 0xbc, 0xc8, 0x4a, 0xde, 0xb3, 0x83,
  0xb7, 0x2c, 0x2d, 0xb6, 0x76, 0xdb, 0xdc, 0xef, 0x6d, 0xbc, 0x5a, 0x62, 0x2f, 0x1c, 0x5c, 0xf4,
  0x0d, 0x2c, 0xe9, 0x90, 0x8b, 0x5b, 0x70, 0xf4, 0xa4, 0x63, 0x96, 0xb2, 0xdd, 0xc8, 0x88, 0x7f,
  0x47, 0xa1, 0x37, 0x9f, 0xb7, 0x77, 0x07, 0x4f, 0x9c, 0x9b, 0xb4, 0xd9, 0x6f, 0x73, 0xbd, 0xb6,
  0xf1, 0x69, 0x7b, 0x14, 0xe8, 0xdb, 0x81, 0x16, 0xb6, 0xe1, 0xe8, 0xcb, 0x26, 0xdd, 0x91, 0x2d,
  0x76, 0x4a, 0x46, 0xe4, 0x96, 0x07, 0x81, 0x3c, 0x09, 0xe0, 0x47, 0x4e, 0x25, 0x72, 0x2e, 0x6b,
  0xda, 0x92, 0xb3, 0x44, 0xac, 0xc9, 0x59, 0x92, 0xb3, 0x25, 0x66, 0x32, 0x9b, 0xa1, 0xd6, 0x34,
  0x4a, 0xcc, 0x95, 0x99, 0x4c, 0xc9, 0x1f, 0xe9, 0x16, 0x54, 0xe8, 0x5b, 0xdc, 0xef, 0x6d, 0xbc,
  0x5a, 0x35, 0x2b, 0xb6, 0x3c, 0x36, 0x9d, 0xa8, 0xb5, 0xb7, 0x0f, 0x42, 0x4a, 0x46, 0xda, 0x12,
  0x1e, 0xea, 0x31, 0x71, 0x3e, 0x74, 0x69, 0x7b, 0x9a, 0x87, 0xda, 0xf6, 0x92, 0x85, 0x44, 0xab,
  0x29, 0x5c, 0x74, 0x00, 0x5d, 0x10, 0x6d, 0x7e, 0xa5, 0x2c, 0x04, 0x7d, 0x6e, 0xbf, 0xfe, 0xaa,
  0x9c, 0x88, 0x87, 0x1b, 0x9d, 0xed, 0xa9, 0x2e, 0x26, 0x1a, 0x83, 0x1c, 0xcb, 0xee, 0x22, 0xd6,
  0xdc, 0x37, 0xe3, 0x72, 0x98, 0x0c, 0x0d, 0x84, 0xc4, 0x46, 0xa5, 0x1a, 0x5e, 0xe6, 0xa1, 0xf6,
  0xbd, 0xa3, 0x12, 0x45, 0x20, 0x55, 0xe9, 0xa6, 0x92, 0x37, 0x74, 0xc7, 0x29, 0x48, 0xef, 0xb5,
  0x5c, 0x76, 0x6f, 0x39, 0x97, 0x37, 0x08, 0xdb, 0xcd, 0xad, 0x47, 0x79, 0x9d, 0xe6, 0x3a, 0xa6,
  0x02, 0x95, 0x77, 0x44, 0x5a, 0xdb, 0x86, 0xf4, 0x69, 0x72, 0x84, 0x4a, 0x90, 0x90, 0x2b, 0x9a,
  0x94, 0x69, 0x7b, 0x9a, 0x87, 0xda, 0xf6, 0x8a, 0xb8, 0xe5, 0x39, 0x12, 0xda, 0x1c, 0x42, 0x4b,
  0x6c, 0x55, 0x27, 0x71, 0xba, 0x36, 0xb4, 0xdc, 0x6c, 0xb6, 0x94, 0xec, 0xf6, 0x2b, 0x8e, 0xc1,
  0x26, 0x92, 0x59, 0x12, 0xc8, 0x96, 0x44, 0xb2, 0x25, 0x5a, 0x08, 0xe5, 0x42, 0x1e, 0x42, 0x66,
  0xec, 0x26, 0xa0, 0x48, 0x51, 0x08, 0xe5, 0x0e, 0x50, 0x48, 0xb2, 0x5b, 0xc8, 0xb5, 0xb7, 0x0d,
  0xd8, 0xf6, 0xc8, 0x81, 0xde, 0x50, 0x98, 0x11, 0x02, 0xb8, 0xae, 0x6a, 0x51, 0xa5, 0xee, 0x6a,
  0x1f, 0x6b, 0xda, 0x53, 0x61, 0x35, 0xda, 0xcc, 0x69, 0x9f, 0xdc, 0x56, 0xa9, 0x2e, 0x6c, 0x7a,
  0x53, 0xa7, 0x61, 0x53, 0x16, 0xd6, 0x9f, 0xdc, 0x60, 0x72, 0x64, 0x91, 0x22, 0xa3, 0x74, 0x00,
  0x1b, 0x5c, 0xc1, 0xcb, 0x21, 0xac, 0x0c, 0x31, 0x7d, 0x24, 0x5a, 0xdb, 0x86, 0xe4, 0x7f, 0x6c,
  0x64, 0x33, 0xa6, 0xda, 0x4b, 0x6d, 0x57, 0x15, 0xcd, 0x4a, 0x34, 0xbd, 0xcd, 0x43, 0xed, 0x7b,
  0x4b, 0x01, 0x2a, 0x39, 0x7a, 0x9c, 0x8d, 0x44, 0x85, 0x09, 0x11, 0x22, 0x28, 0x88, 0xaa, 0xa2,
  0xd7, 0xa0, 0xea, 0x26, 0x9e, 0x92, 0x2d, 0x6d, 0xc3, 0x6c, 0x6c, 0x72, 0x7c, 0x86, 0xf6, 0xdf,
  0x2a, 0xdc, 0x57, 0x15, 0xcd, 0x4a, 0x34, 0xbd, 0xcd, 0x43, 0xed, 0x71, 0xae, 0x40, 0xe4, 0x0e,
  0x40, 0xe4, 0x0e, 0x40, 0xe4, 0x0e, 0x40, 0xe4, 0x0e, 0x40, 0xe4, 0x0e, 0x40, 0xe4, 0x0e, 0x40,
  0xe4, 0x0e, 0x40, 0xe4, 0x0e, 0x40, 0xe4, 0x0e, 0x40, 0x4f, 0x42, 0x49, 0xdd, 0xc0, 0x56, 0xde,
  0x56, 0x19, 0x6b, 0xd1, 0x74, 0xe1, 0x35, 0xf4, 0x51, 0x6b, 0x6e, 0x05, 0x81, 0xd5, 0xb7, 0xd0,
  0x3b, 0x31, 0xa5, 0x96, 0xea, 0xb8, 0xae, 0x6a, 0x51, 0xa5, 0xee, 0x6a, 0x1f, 0x6b, 0x8d, 0x76,
  0x91, 0xda, 0x47, 0x69, 0x1d, 0xa4, 0x76, 0x91, 0xda, 0x47, 0x69, 0x1d, 0xa4, 0x76, 0x91, 0xda,
  0x47, 0x69, 0x1d, 0xa4, 0x76, 0x91, 0xda, 0x47, 0x69, 0x1d, 0xa4, 0x76, 0x91, 0xda, 0x47, 0x69,
  0x14, 0x2b, 0x6d, 0x41, 0xd3, 0xbc, 0xf7, 0x30, 0x30, 0xde, 0x56, 0x19, 0x6b, 0xd1, 0x59, 0x57,
  0xd2, 0x80, 0x00, 0x91, 0xde, 0xe7, 0xf5, 0x78, 0x32, 0x37, 0x1a, 0x6f, 0x2b, 0x8a, 0xe6, 0xa5,
  0x1a, 0x5e, 0xe6, 0xa1, 0xf6, 0xbd, 0x9b, 0xf7, 0x4f, 0xb9, 0xfa, 0x6a, 0xc3, 0x2d, 0x7a, 0x35,
  0x28, 0x92, 0x8b, 0x10, 0xb2, 0x21, 0x64, 0x42, 0xc8, 0x85, 0x91, 0x0b, 0x22, 0x16, 0x44, 0x2c,
  0x88, 0x59, 0x0b, 0x0f, 0x72, 0x37, 0xd5, 0xc5, 0x73, 0x52, 0x8d, 0x2f, 0x73, 0x50, 0xfb, 0x5c,
  0x6a, 0x08, 0x20, 0x82, 0x08, 0x20, 0x82, 0x08, 0x20, 0x82, 0x08, 0x20, 0x82, 0x08, 0x20, 0x5d,
  0x73, 0xee, 0x7e, 0x9a, 0xb0, 0xcb, 0x5e, 0x94, 0x95, 0x08, 0x20, 0x82, 0x08, 0x20, 0x82, 0x0b,
  0xfd, 0x35, 0x71, 0x5c, 0xd4, 0xa3, 0x4b, 0xdc, 0xd4, 0x3e, 0xd7, 0xb3, 0x7e, 0xf9, 0xf6, 0x7a,
  0x6a, 0xc3, 0xb1, 0x6b, 0xd1, 0xc2, 0x09, 0x64, 0xc9, 0x64, 0xc9, 0x64, 0xc9, 0x64, 0xc9, 0x64,
  0xc9, 0x64, 0xc9, 0x64, 0xc9, 0x64, 0xc9, 0x64, 0xc8, 0x0a, 0x7a, 0x6a, 0xe2, 0xb9, 0xa9, 0x46,
  0x97, 0xb9, 0xa8, 0x7d, 0xae, 0x35, 0xe5, 0x4f, 0x2a, 0x79, 0x53, 0xca, 0x9e, 0x54, 0xf2, 0xa7,
  0x95, 0x3c, 0xa9, 0xe5, 0x4f, 0x2a, 0x79, 0x53, 0xca, 0x9e, 0x54, 0xf2, 0xa7, 0x95, 0x3c, 0xa9,
  0xe5, 0x4f, 0x2a, 0x79, 0x52, 0xbd, 0xbf, 0x09, 0x32, 0x4a, 0xac, 0xfd, 0x29, 0x1d, 0x52, 0x88,
  0x85, 0x25, 0x22, 0x44, 0x89, 0x12, 0x24, 0x48, 0x91, 0x14, 0xdb, 0x95, 0x3e, 0x88, 0x00, 0x02,
  0x08, 0xc6, 0x14, 0x7a, 0x69, 0x43, 0x96, 0xc4, 0xa9, 0xcc, 0x93, 0x31, 0x3c, 0x50, 0xd8, 0xb8,
  0x4f, 0xd9, 0xfb, 0x3f, 0x66, 0xa3, 0xf6, 0xbd, 0x9a, 0x42, 0x10, 0x84, 0x21, 0x08, 0x42, 0x10,
  0x84, 0x21, 0x08, 0x42, 0x11, 0x32, 0xbb, 0x96, 0x4d, 0x8a, 0x4a, 0x7d, 0x30, 0x01, 0xa0, 0xd1,
  0x0a, 0xb1, 0x53, 0x56, 0x40, 0x81, 0x02, 0x04, 0x08, 0x10, 0x20, 0x48, 0x4f, 0xa3, 0xaa, 0xaa,
  0x85, 0xd9, 0x63, 0xd3, 0x00, 0x1c, 0x10, 0x84, 0xa5, 0x35, 0x91, 0x65, 0xcc, 0xf8, 0x2e, 0xe0,
  0x48, 0xea, 0x7e, 0xd7, 0x1a, 0xe5, 0x3e, 0x4e, 0x53, 0xe4, 0xe5, 0x3e, 0x4e, 0x53, 0xe4, 0xe5,
  0x3e, 0x4e, 0x53, 0xe4, 0xe5, 0x3e, 0x4e, 0x53, 0xe4, 0xe5, 0x3e, 0x4e, 0x53, 0xe4, 0xe5, 0x3e,
  0x4e, 0x53, 0xe4, 0xe5, 0x3e, 0x4e, 0x53, 0xe4, 0xe5, 0x3e, 0x4e, 0x53, 0xe4, 0xe5, 0x3e, 0x4e,
  0x53, 0xe4, 0xe5, 0x3e, 0x4e, 0x43, 0xe4, 0x8e, 0x9f, 0x73, 0xb6, 0xce, 0xdb, 0x3b, 0x6c, 0xed,
  0xb3, 0xb6, 0xce, 0xdb, 0x3b, 0x6c, 0xed, 0xb3, 0xb6, 0xce, 0xdb, 0x19, 0x7f, 0xec, 0xa7, 0x94,
  0x05, 0xe8, 0xb6, 0xdb, 0x6d, 0x99, 0x7b, 0x2f, 0xb6, 0xce, 0xdb, 0x3b, 0x6c, 0xed, 0xb3, 0xb6,
  0xce, 0xdb, 0x3b, 0x6c, 0x52, 0xff, 0x00, 0xb1, 0x06, 0x21, 0xfb, 0x3b, 0x6c, 0xed, 0xb3, 0xb6,
  0xce, 0xdb, 0x3b, 0x6c, 0xed, 0xb3, 0xb6, 0xce, 0xdb, 0x3b, 0x6c, 0xed, 0xb1, 0xd1, 0xfd, 0xc4,
  0xb6, 0xf3, 0x8c, 0x1c, 0xa1, 0x8c, 0xbd, 0x64, 0x25, 0x99, 0x2c, 0xc9, 0x66, 0x35, 0xa6, 0xfb,
  0x35, 0xc3, 0xbf, 0xff, 0xd9,
};
